anchor,positive,negative,anchor_label,positive_label,negative_label
dusha/crowd/crowd_train/wavs/475e76f77ac1ed7cabafca740b15b32a.wav,dusha/crowd/crowd_train/wavs/e220c9d4abac8e1ed409f2c7da18a3a9.wav,dusha/crowd/crowd_train/wavs/9790a147ff93e2cd9836550d0df4f39f.wav,1,1,0
dusha/crowd/crowd_train/wavs/475e76f77ac1ed7cabafca740b15b32a.wav,dusha/crowd/crowd_train/wavs/258faff96b9943492eeca50553c0ee5c.wav,dusha/crowd/crowd_train/wavs/0b01fa53c77bcff19639e6733054415e.wav,1,1,2
dusha/crowd/crowd_train/wavs/475e76f77ac1ed7cabafca740b15b32a.wav,dusha/crowd/crowd_train/wavs/d3dba3966e3ebc3f7b0bc10876973488.wav,dusha/crowd/crowd_train/wavs/2318da1cd7a0b5902b7919fb20a6c6d2.wav,1,1,3
dusha/crowd/crowd_train/wavs/2f9438ef68395c70a8714dc373a49d11.wav,dusha/crowd/crowd_train/wavs/1bbcfc83e6d9423014404ec0d0d539f6.wav,dusha/crowd/crowd_train/wavs/5ab65a5fb43caf19756d3565a56c8fa6.wav,0,0,1
dusha/crowd/crowd_train/wavs/2f9438ef68395c70a8714dc373a49d11.wav,dusha/crowd/crowd_train/wavs/25a30517b36848ca057e08ff3f9230f9.wav,dusha/crowd/crowd_train/wavs/05990872ea6773f146fb4a0f625192e9.wav,0,0,2
dusha/crowd/crowd_train/wavs/2f9438ef68395c70a8714dc373a49d11.wav,dusha/crowd/crowd_train/wavs/036415a60eb89f719a566210d1ea800c.wav,dusha/crowd/crowd_train/wavs/dfb88635c22b7ff03d048579dfe8d828.wav,0,0,3
dusha/crowd/crowd_train/wavs/fb0ae78586a235018103acec22a80a8f.wav,dusha/crowd/crowd_train/wavs/a04172843f66a85b9d4e57a0f460632e.wav,dusha/crowd/crowd_train/wavs/f8fa6fec6f5f3a8e45e61e5e3bc121f7.wav,0,0,1
dusha/crowd/crowd_train/wavs/fb0ae78586a235018103acec22a80a8f.wav,dusha/crowd/crowd_train/wavs/8728a9ff715196624686fb1073659e0c.wav,dusha/crowd/crowd_train/wavs/ec865d8771fb88ce6932330085f73136.wav,0,0,2
dusha/crowd/crowd_train/wavs/fb0ae78586a235018103acec22a80a8f.wav,dusha/crowd/crowd_train/wavs/db075d2929d3971da221d9e0187afbeb.wav,dusha/crowd/crowd_train/wavs/fd1b253f4034edc9d43ec1bf79224bf3.wav,0,0,3
dusha/crowd/crowd_train/wavs/196dcf9e1aaac46c2aee45e7f6adfb92.wav,dusha/crowd/crowd_train/wavs/ae21cd9f0f52c401b15b31f9a0be2818.wav,dusha/crowd/crowd_train/wavs/5736a655cfd3b72c5ba9d675be3c846f.wav,0,0,1
dusha/crowd/crowd_train/wavs/196dcf9e1aaac46c2aee45e7f6adfb92.wav,dusha/crowd/crowd_train/wavs/330936c9dd3f4fd65f0c1438aa5a09b3.wav,dusha/crowd/crowd_train/wavs/044662e49fa63ffc12fc282a035bc10e.wav,0,0,2
dusha/crowd/crowd_train/wavs/196dcf9e1aaac46c2aee45e7f6adfb92.wav,dusha/crowd/crowd_train/wavs/9408ac37ed9955cba5af538a71d0aa7c.wav,dusha/crowd/crowd_train/wavs/54528025f3610196ffa2a9291a7ad602.wav,0,0,3
dusha/crowd/crowd_train/wavs/41d7f48ca93b01e4a01a4f34b40a69ff.wav,dusha/crowd/crowd_train/wavs/1018d4d8cd8e9b45761986d4c46effa6.wav,dusha/crowd/crowd_train/wavs/1cd90f1d379a50a92c2f68375ec08628.wav,0,0,1
dusha/crowd/crowd_train/wavs/41d7f48ca93b01e4a01a4f34b40a69ff.wav,dusha/crowd/crowd_train/wavs/a0ec8d0e028ad740879428afb10af007.wav,dusha/crowd/crowd_train/wavs/423dbca3afcc56874d4a867d3fcc626c.wav,0,0,2
dusha/crowd/crowd_train/wavs/41d7f48ca93b01e4a01a4f34b40a69ff.wav,dusha/crowd/crowd_train/wavs/88536a2424b412be3f271a2b79ad668f.wav,dusha/crowd/crowd_train/wavs/1bf8f1a5ae91f357bc3bb5df901674e3.wav,0,0,3
dusha/crowd/crowd_train/wavs/754d3a8783c343faf0402f505c665534.wav,dusha/crowd/crowd_train/wavs/9f01a48d2406d06fee03e664daec216b.wav,dusha/crowd/crowd_train/wavs/eb4e21384f5c26a1c30be20d357217d7.wav,0,0,1
dusha/crowd/crowd_train/wavs/754d3a8783c343faf0402f505c665534.wav,dusha/crowd/crowd_train/wavs/dfd36c8aa3462cde1230a22e70ae31ae.wav,dusha/crowd/crowd_train/wavs/47c826d9dc994105e6969293063049ce.wav,0,0,2
dusha/crowd/crowd_train/wavs/754d3a8783c343faf0402f505c665534.wav,dusha/crowd/crowd_train/wavs/0ed21fc369593a9c0edd0278ecc4a3b0.wav,dusha/crowd/crowd_train/wavs/d23e7835dd24468aca7957508004a6f5.wav,0,0,3
dusha/crowd/crowd_train/wavs/c13b84d9608deb849753a49d00c34cd2.wav,dusha/crowd/crowd_train/wavs/4741badf4c2ab776fa184725d82d39a3.wav,dusha/crowd/crowd_train/wavs/f5de7ca57e774c6d3fa5c37777634876.wav,0,0,1
dusha/crowd/crowd_train/wavs/c13b84d9608deb849753a49d00c34cd2.wav,dusha/crowd/crowd_train/wavs/a079bbb1e23667239010ae6e137095f2.wav,dusha/crowd/crowd_train/wavs/aa9a8f97357ab63e48e3559ab0f539c0.wav,0,0,2
dusha/crowd/crowd_train/wavs/c13b84d9608deb849753a49d00c34cd2.wav,dusha/crowd/crowd_train/wavs/6606683228c2fc532b7855ba807f7654.wav,dusha/crowd/crowd_train/wavs/daead7066c1a78f05ff42cd12a3f379f.wav,0,0,3
dusha/crowd/crowd_train/wavs/1c5ee742c806c90f565c6460b1869cb4.wav,dusha/crowd/crowd_train/wavs/40faf2d1e64d7ca9c4808ad38ea51cd5.wav,dusha/crowd/crowd_train/wavs/950461e915bc3038bb5722701e7753b8.wav,0,0,1
dusha/crowd/crowd_train/wavs/1c5ee742c806c90f565c6460b1869cb4.wav,dusha/crowd/crowd_train/wavs/96dd5712cbf77a523ff02e4bf074cb32.wav,dusha/crowd/crowd_train/wavs/2a4b8f03aae00598bc897e4897f82449.wav,0,0,2
dusha/crowd/crowd_train/wavs/1c5ee742c806c90f565c6460b1869cb4.wav,dusha/crowd/crowd_train/wavs/ecf219fedfdcd78e8690615d01907364.wav,dusha/crowd/crowd_train/wavs/efab1a7270a67c4e1c8627e1f4d85fa5.wav,0,0,3
dusha/crowd/crowd_train/wavs/ff4a0af5bb77ca50731e152b16f6c29c.wav,dusha/crowd/crowd_train/wavs/9f9b5805aad55d7fc87817266c3b6ee1.wav,dusha/crowd/crowd_train/wavs/f7cc1ca130a746b1f5ae2f1c7e7780d5.wav,0,0,1
dusha/crowd/crowd_train/wavs/ff4a0af5bb77ca50731e152b16f6c29c.wav,dusha/crowd/crowd_train/wavs/201e11ad86bf55203376d1b076919c66.wav,dusha/crowd/crowd_train/wavs/21397648e9b41e6692fe5368a8d28b43.wav,0,0,2
dusha/crowd/crowd_train/wavs/ff4a0af5bb77ca50731e152b16f6c29c.wav,dusha/crowd/crowd_train/wavs/e2e276e04b33ec8a67a21222f2589d3c.wav,dusha/crowd/crowd_train/wavs/f30dd81a388821c1401f9f19ca32415b.wav,0,0,3
dusha/crowd/crowd_train/wavs/7b78ca15946bddcf4c02843f9c5bda17.wav,dusha/crowd/crowd_train/wavs/a64d2228d61ae097e2925c6da7b8a617.wav,dusha/crowd/crowd_train/wavs/2dbeca6b130b8c8c312ec260fd8c23c8.wav,3,3,0
dusha/crowd/crowd_train/wavs/7b78ca15946bddcf4c02843f9c5bda17.wav,dusha/crowd/crowd_train/wavs/06287ed179ed1b79b8bcf107a607c046.wav,dusha/crowd/crowd_train/wavs/574662b3364f3255a36741d900a1b000.wav,3,3,1
dusha/crowd/crowd_train/wavs/7b78ca15946bddcf4c02843f9c5bda17.wav,dusha/crowd/crowd_train/wavs/ca11d5ca44447c52357a6f3af4835e14.wav,dusha/crowd/crowd_train/wavs/4f5d3156a57bb38aefdbb5392753836f.wav,3,3,2
dusha/crowd/crowd_train/wavs/8ed32fa0fa238fd093d78bd6a546e644.wav,dusha/crowd/crowd_train/wavs/637f3ce86dd0105b342f292c50ae608c.wav,dusha/crowd/crowd_train/wavs/4007d61718bd3f991c9cf428e01716a0.wav,1,1,0
dusha/crowd/crowd_train/wavs/8ed32fa0fa238fd093d78bd6a546e644.wav,dusha/crowd/crowd_train/wavs/96ca19cfcb1c611b0f61449ccd8dbb57.wav,dusha/crowd/crowd_train/wavs/8cfdc64adb6108f5dabbcac3eef1558d.wav,1,1,2
dusha/crowd/crowd_train/wavs/8ed32fa0fa238fd093d78bd6a546e644.wav,dusha/crowd/crowd_train/wavs/ed8e40f8f1889352891ebee616ce8344.wav,dusha/crowd/crowd_train/wavs/78bfe238d6a3093948a3aa848635c967.wav,1,1,3
dusha/crowd/crowd_train/wavs/1c4468d1b9aac07ee2d2fe0f78a49cb4.wav,dusha/crowd/crowd_train/wavs/058364e0de9ca513579b7a149546b00d.wav,dusha/crowd/crowd_train/wavs/33ba583cb8ae61f020a57bbf85353c10.wav,1,1,0
dusha/crowd/crowd_train/wavs/1c4468d1b9aac07ee2d2fe0f78a49cb4.wav,dusha/crowd/crowd_train/wavs/36afef9a757a4b71199359a6635551ea.wav,dusha/crowd/crowd_train/wavs/652ccb4649867e5aad9509b66c1eb1a5.wav,1,1,2
dusha/crowd/crowd_train/wavs/1c4468d1b9aac07ee2d2fe0f78a49cb4.wav,dusha/crowd/crowd_train/wavs/1b8c3332e12063486015a563cf7355fe.wav,dusha/crowd/crowd_train/wavs/438f7eb54b36e8908994c0506994982e.wav,1,1,3
dusha/crowd/crowd_train/wavs/1b8c3332e12063486015a563cf7355fe.wav,dusha/crowd/crowd_train/wavs/e377b8c15445bace90a19bb76255a839.wav,dusha/crowd/crowd_train/wavs/fdd85c46596ba92ca03225d99262e500.wav,1,1,0
dusha/crowd/crowd_train/wavs/1b8c3332e12063486015a563cf7355fe.wav,dusha/crowd/crowd_train/wavs/7e8a71d0251e38a3535b144185027363.wav,dusha/crowd/crowd_train/wavs/106b6935ae47b31798208a0842333242.wav,1,1,2
dusha/crowd/crowd_train/wavs/1b8c3332e12063486015a563cf7355fe.wav,dusha/crowd/crowd_train/wavs/3b68618f4d43a894950dd7bf16ec7ad6.wav,dusha/crowd/crowd_train/wavs/683d4ef7d056d97c7596e9984529682b.wav,1,1,3
dusha/crowd/crowd_train/wavs/c2109e63c4227e4538ca65ca72a02254.wav,dusha/crowd/crowd_train/wavs/68ecd8c932aff6e25a14c5e9dddb1707.wav,dusha/crowd/crowd_train/wavs/1018dbc89f387225b42a8ebcdabd9877.wav,1,1,0
dusha/crowd/crowd_train/wavs/c2109e63c4227e4538ca65ca72a02254.wav,dusha/crowd/crowd_train/wavs/181c09f4ac56109ba73a238aa2d0e2cd.wav,dusha/crowd/crowd_train/wavs/3d37e654844de7f7ce45d23eb4ec6c95.wav,1,1,2
dusha/crowd/crowd_train/wavs/c2109e63c4227e4538ca65ca72a02254.wav,dusha/crowd/crowd_train/wavs/e5f94b4cae8c4c18f9cfba47283d7511.wav,dusha/crowd/crowd_train/wavs/65638df4e2cf30bb5aa711a11a27f6d9.wav,1,1,3
dusha/crowd/crowd_train/wavs/d86ed39def3c397923442c8cc4a081b7.wav,dusha/crowd/crowd_train/wavs/5d9cf7c3365b632253fbea492acfcca3.wav,dusha/crowd/crowd_train/wavs/8c6f2ad5d751ae7a6ab34125e11c4299.wav,1,1,0
dusha/crowd/crowd_train/wavs/d86ed39def3c397923442c8cc4a081b7.wav,dusha/crowd/crowd_train/wavs/b082e200c686d5784fe2e519957017ee.wav,dusha/crowd/crowd_train/wavs/2169f4edf084cff483b731bce870840f.wav,1,1,2
dusha/crowd/crowd_train/wavs/d86ed39def3c397923442c8cc4a081b7.wav,dusha/crowd/crowd_train/wavs/38e4e9dfab851f4340d8de9b561a74f6.wav,dusha/crowd/crowd_train/wavs/5e51c156c75d89a81455a649c299c34f.wav,1,1,3
dusha/crowd/crowd_train/wavs/ed5a0505897b5fd7fdd36e75e336e746.wav,dusha/crowd/crowd_train/wavs/accc114cc567826d41f246c9f9571964.wav,dusha/crowd/crowd_train/wavs/b73fd9c9c32d7931beb818b54ddff849.wav,2,2,0
dusha/crowd/crowd_train/wavs/ed5a0505897b5fd7fdd36e75e336e746.wav,dusha/crowd/crowd_train/wavs/778ae6252ff8cfbde1bd2ef4e4e5c8e5.wav,dusha/crowd/crowd_train/wavs/1115f75490140d202052e96284d55305.wav,2,2,1
dusha/crowd/crowd_train/wavs/ed5a0505897b5fd7fdd36e75e336e746.wav,dusha/crowd/crowd_train/wavs/32fef5f6ba0ebbc93cd2875963b78abf.wav,dusha/crowd/crowd_train/wavs/546078c90cdb7e293448d4e2be42fa01.wav,2,2,3
dusha/crowd/crowd_train/wavs/fb15b2785672e045cf5f9b681c099806.wav,dusha/crowd/crowd_train/wavs/813e712c17331add0a92616f70377106.wav,dusha/crowd/crowd_train/wavs/741c198c507687dc91aedb9b0af560ae.wav,1,1,0
dusha/crowd/crowd_train/wavs/fb15b2785672e045cf5f9b681c099806.wav,dusha/crowd/crowd_train/wavs/f641ef6f26ec1b557c47117f8e9b1cdb.wav,dusha/crowd/crowd_train/wavs/69edbf2de294c85bb2093360df435484.wav,1,1,2
dusha/crowd/crowd_train/wavs/fb15b2785672e045cf5f9b681c099806.wav,dusha/crowd/crowd_train/wavs/d954fc48cf72e259aaa182bf5021f7f1.wav,dusha/crowd/crowd_train/wavs/a8c7b17b48f86fec18cef6ef9e91b410.wav,1,1,3
dusha/crowd/crowd_train/wavs/347885402c51771785fad1b868b8a484.wav,dusha/crowd/crowd_train/wavs/c29d18d50dd4554d5544cee541367581.wav,dusha/crowd/crowd_train/wavs/66eda0fa374a9ca6137cca3793ea653d.wav,2,2,0
dusha/crowd/crowd_train/wavs/347885402c51771785fad1b868b8a484.wav,dusha/crowd/crowd_train/wavs/0a336482a08be7b3e3f4b6f8e43fda00.wav,dusha/crowd/crowd_train/wavs/55a890661b8f6af67a60029e6e9b9ec5.wav,2,2,1
dusha/crowd/crowd_train/wavs/347885402c51771785fad1b868b8a484.wav,dusha/crowd/crowd_train/wavs/ff860ed3ab9d166957831621fd7e56cf.wav,dusha/crowd/crowd_train/wavs/0e673960a6be45cbfadd8aca9ff52764.wav,2,2,3
dusha/crowd/crowd_train/wavs/af1a5dc04655c1b708e97adfa8607f76.wav,dusha/crowd/crowd_train/wavs/ae330adfbbb90bcdd38db0d40244e1f4.wav,dusha/crowd/crowd_train/wavs/9e076ba8ffd0cc780e70ce6d9381473d.wav,1,1,0
dusha/crowd/crowd_train/wavs/af1a5dc04655c1b708e97adfa8607f76.wav,dusha/crowd/crowd_train/wavs/1ec7d4c67c00daa78a1b1156b4a65e53.wav,dusha/crowd/crowd_train/wavs/50273b672ec350a57971c9c14bd8f616.wav,1,1,2
dusha/crowd/crowd_train/wavs/af1a5dc04655c1b708e97adfa8607f76.wav,dusha/crowd/crowd_train/wavs/a730f192c7a8c59a0ca6ecd73f30e533.wav,dusha/crowd/crowd_train/wavs/626737587ea260a0aef2be303cba7da7.wav,1,1,3
dusha/crowd/crowd_train/wavs/690d52978336430099ed231263cf738d.wav,dusha/crowd/crowd_train/wavs/f417cbcb100b225cfdb6244f573fc996.wav,dusha/crowd/crowd_train/wavs/8ae39a005a56e3de3f2459cf58566c77.wav,0,0,1
dusha/crowd/crowd_train/wavs/690d52978336430099ed231263cf738d.wav,dusha/crowd/crowd_train/wavs/5af781fcdb36a1693a4d64a9db755fee.wav,dusha/crowd/crowd_train/wavs/c741394648d7f4eec42e3b663bc02d09.wav,0,0,2
dusha/crowd/crowd_train/wavs/690d52978336430099ed231263cf738d.wav,dusha/crowd/crowd_train/wavs/d22c0164b176a0f34da67b3cc10de231.wav,dusha/crowd/crowd_train/wavs/5157cb4dad06910900ef7badb54a544d.wav,0,0,3
dusha/crowd/crowd_train/wavs/2b5fa69c2770cd3c53da04b3037d5d15.wav,dusha/crowd/crowd_train/wavs/f20e1a81536bc1911380206848c6280a.wav,dusha/crowd/crowd_train/wavs/761ce42b6e52bd0e8c4cffc9fc17f12a.wav,0,0,1
dusha/crowd/crowd_train/wavs/2b5fa69c2770cd3c53da04b3037d5d15.wav,dusha/crowd/crowd_train/wavs/3fd3282c5d7e204840c63da5af3de4db.wav,dusha/crowd/crowd_train/wavs/708e5d83ed820f5fb5ea51a3981fddc3.wav,0,0,2
dusha/crowd/crowd_train/wavs/2b5fa69c2770cd3c53da04b3037d5d15.wav,dusha/crowd/crowd_train/wavs/bba0b883fd64bab2a39eabfbc94b5f25.wav,dusha/crowd/crowd_train/wavs/29c87d4dd53b1a236377f5c46c17f8d3.wav,0,0,3
dusha/crowd/crowd_train/wavs/9939c56e016fd75769a19eb6a3f68cde.wav,dusha/crowd/crowd_train/wavs/7170b9d273cb00eb0292a877afa132e5.wav,dusha/crowd/crowd_train/wavs/b3a1e9aa4347e2298e17154d9b8c674c.wav,1,1,0
dusha/crowd/crowd_train/wavs/9939c56e016fd75769a19eb6a3f68cde.wav,dusha/crowd/crowd_train/wavs/ac55dbfb9f6d6aa5971ec8642c6d70cd.wav,dusha/crowd/crowd_train/wavs/8f4ed9d3a60e2db1e3366ccc501c1c6c.wav,1,1,2
dusha/crowd/crowd_train/wavs/9939c56e016fd75769a19eb6a3f68cde.wav,dusha/crowd/crowd_train/wavs/8ec189be3860c1606e3678e5742e0b15.wav,dusha/crowd/crowd_train/wavs/974b107dba4dcacfd0546d2c6ccf3ba3.wav,1,1,3
dusha/crowd/crowd_train/wavs/bb83b6d620f8b47a3fc3d58ed4e55106.wav,dusha/crowd/crowd_train/wavs/52176e3a76ee40f207b0391416ceeb60.wav,dusha/crowd/crowd_train/wavs/51d6014d8f4baefc4efbec7a524ca269.wav,2,2,0
dusha/crowd/crowd_train/wavs/bb83b6d620f8b47a3fc3d58ed4e55106.wav,dusha/crowd/crowd_train/wavs/b4427a10abdab7f94d6d782b2ccee463.wav,dusha/crowd/crowd_train/wavs/d954fc48cf72e259aaa182bf5021f7f1.wav,2,2,1
dusha/crowd/crowd_train/wavs/bb83b6d620f8b47a3fc3d58ed4e55106.wav,dusha/crowd/crowd_train/wavs/e3b9164d9c0a91e125ad8b49b47235e4.wav,dusha/crowd/crowd_train/wavs/ab458cf12745e007b623b77781523cb9.wav,2,2,3
dusha/crowd/crowd_train/wavs/e9a89b982685050c9a7d91ffb2e7ca23.wav,dusha/crowd/crowd_train/wavs/527544a563dd6488e309e8f873ff9050.wav,dusha/crowd/crowd_train/wavs/4ae47b73ea49935d8c0f2adeabab0234.wav,2,2,0
dusha/crowd/crowd_train/wavs/e9a89b982685050c9a7d91ffb2e7ca23.wav,dusha/crowd/crowd_train/wavs/e93da834fcd30174438bc81696cb78fd.wav,dusha/crowd/crowd_train/wavs/f4e71c7fc236d91e6d7207225f5fa59d.wav,2,2,1
dusha/crowd/crowd_train/wavs/e9a89b982685050c9a7d91ffb2e7ca23.wav,dusha/crowd/crowd_train/wavs/006b2c1af9a73713e3908316398f50dd.wav,dusha/crowd/crowd_train/wavs/4a1a752184ba0ac3a115486727480d1e.wav,2,2,3
dusha/crowd/crowd_train/wavs/501321f5fff63d8ecf4e4553717cf1be.wav,dusha/crowd/crowd_train/wavs/a4b56ccb88aacbb51b9832bf0617c803.wav,dusha/crowd/crowd_train/wavs/e6154b949a00e005b9f6b433bcd1b409.wav,1,1,0
dusha/crowd/crowd_train/wavs/501321f5fff63d8ecf4e4553717cf1be.wav,dusha/crowd/crowd_train/wavs/05c4648cccaced89915b819ec780a734.wav,dusha/crowd/crowd_train/wavs/1de8a17afca07a08042c99f6172747a8.wav,1,1,2
dusha/crowd/crowd_train/wavs/501321f5fff63d8ecf4e4553717cf1be.wav,dusha/crowd/crowd_train/wavs/dace98697f708a3602c5bff6023b490d.wav,dusha/crowd/crowd_train/wavs/702265bb4b177199c5b4f960cf14a75b.wav,1,1,3
dusha/crowd/crowd_train/wavs/6b0decd5b097d35a703afe84363c4187.wav,dusha/crowd/crowd_train/wavs/e59ac2d446c40e3af6976a3b33933825.wav,dusha/crowd/crowd_train/wavs/405e028452065600f4c44363ca14bc53.wav,0,0,1
dusha/crowd/crowd_train/wavs/6b0decd5b097d35a703afe84363c4187.wav,dusha/crowd/crowd_train/wavs/812d96cbf63e1b1fcf23b55f58caa710.wav,dusha/crowd/crowd_train/wavs/36e743589ae547331ada16e3c70c864e.wav,0,0,2
dusha/crowd/crowd_train/wavs/6b0decd5b097d35a703afe84363c4187.wav,dusha/crowd/crowd_train/wavs/2011f3d43ed481d2d6b53744fcca46f3.wav,dusha/crowd/crowd_train/wavs/5ef2bdd6db9d6957c32d01ffbe074259.wav,0,0,3
dusha/crowd/crowd_train/wavs/ec9728c29bb727cd34df2f8c39fa7c3f.wav,dusha/crowd/crowd_train/wavs/8f17b5bcf34435592bff66a9de5c2df2.wav,dusha/crowd/crowd_train/wavs/68e19f440d8ecded75878313e957dac3.wav,1,1,0
dusha/crowd/crowd_train/wavs/ec9728c29bb727cd34df2f8c39fa7c3f.wav,dusha/crowd/crowd_train/wavs/cfc81fa78d6cf607e41c42c6aa7ecbaa.wav,dusha/crowd/crowd_train/wavs/5cd8e3c34b3e6c5e2a67de7a31b74c9a.wav,1,1,2
dusha/crowd/crowd_train/wavs/ec9728c29bb727cd34df2f8c39fa7c3f.wav,dusha/crowd/crowd_train/wavs/c81b31ab575d6858464ea97fa109d4a3.wav,dusha/crowd/crowd_train/wavs/1878439eb7ed7115b41801d5210eb460.wav,1,1,3
dusha/crowd/crowd_train/wavs/47cecb19b29a4868399910ec730faa7c.wav,dusha/crowd/crowd_train/wavs/4d35334a8e1c1d2a09ffcb8370ebed22.wav,dusha/crowd/crowd_train/wavs/a4708a03ce3af21c698c1287bda6f5de.wav,0,0,1
dusha/crowd/crowd_train/wavs/47cecb19b29a4868399910ec730faa7c.wav,dusha/crowd/crowd_train/wavs/8958d29e2c31c9afb3f11adf6d1a6b5b.wav,dusha/crowd/crowd_train/wavs/e29f3a0d55fd0e47706fcc82178a737e.wav,0,0,2
dusha/crowd/crowd_train/wavs/47cecb19b29a4868399910ec730faa7c.wav,dusha/crowd/crowd_train/wavs/990dd81da18039baf2229bcea760665c.wav,dusha/crowd/crowd_train/wavs/1a3d9ab2bd9a35605b4fee6c014a0ecb.wav,0,0,3
dusha/crowd/crowd_train/wavs/604355d236439f25925b77a99a305f6f.wav,dusha/crowd/crowd_train/wavs/26cd360fc5462f140fb3dac2786c6163.wav,dusha/crowd/crowd_train/wavs/7b990d43e8a5b97a89a76c9d0f788ec4.wav,1,1,0
dusha/crowd/crowd_train/wavs/604355d236439f25925b77a99a305f6f.wav,dusha/crowd/crowd_train/wavs/6b3a5769dc53186fe4e24e268e36ef2b.wav,dusha/crowd/crowd_train/wavs/80133162c15bce39a652f6f8dd18cfca.wav,1,1,2
dusha/crowd/crowd_train/wavs/604355d236439f25925b77a99a305f6f.wav,dusha/crowd/crowd_train/wavs/267bd6f5d0554785fec6b93b3738c609.wav,dusha/crowd/crowd_train/wavs/06287ed179ed1b79b8bcf107a607c046.wav,1,1,3
dusha/crowd/crowd_train/wavs/c829f8a630ede458a9613b168acbb1eb.wav,dusha/crowd/crowd_train/wavs/3f2d81ab1b0553a678881a13e3619236.wav,dusha/crowd/crowd_train/wavs/afedbe5a46be02e4e93d73343fbe1788.wav,0,0,1
dusha/crowd/crowd_train/wavs/c829f8a630ede458a9613b168acbb1eb.wav,dusha/crowd/crowd_train/wavs/fe5490289026f7204edf35071f3a6d90.wav,dusha/crowd/crowd_train/wavs/f05506632a9101e8db576905dc62af59.wav,0,0,2
dusha/crowd/crowd_train/wavs/c829f8a630ede458a9613b168acbb1eb.wav,dusha/crowd/crowd_train/wavs/ee5951809db4c95ac94df5346ff809e4.wav,dusha/crowd/crowd_train/wavs/372299f05071ce65677f20317a844d6a.wav,0,0,3
dusha/crowd/crowd_train/wavs/250fea8c5b88d832baf88e7779443488.wav,dusha/crowd/crowd_train/wavs/bfe523ee3426b26d21fca7c8fc2ce20b.wav,dusha/crowd/crowd_train/wavs/49e8708677ae8865da3ff30765f12fe8.wav,0,0,1
dusha/crowd/crowd_train/wavs/250fea8c5b88d832baf88e7779443488.wav,dusha/crowd/crowd_train/wavs/de1a0b676541245375b664ce885d1e9f.wav,dusha/crowd/crowd_train/wavs/6d528a760bd2d669acc246fb12597d9b.wav,0,0,2
dusha/crowd/crowd_train/wavs/250fea8c5b88d832baf88e7779443488.wav,dusha/crowd/crowd_train/wavs/de9428595244ede12bb6cdc8eb7c1d21.wav,dusha/crowd/crowd_train/wavs/b88848634be8e9b7b846832fc3125fd8.wav,0,0,3
dusha/crowd/crowd_train/wavs/e36aa9e176c04749390558e3e88f95eb.wav,dusha/crowd/crowd_train/wavs/db6fbede8fe709bf431ea330cb0b34b2.wav,dusha/crowd/crowd_train/wavs/d3cf163d5bfc7e2434a6186341da5fab.wav,0,0,1
dusha/crowd/crowd_train/wavs/e36aa9e176c04749390558e3e88f95eb.wav,dusha/crowd/crowd_train/wavs/1b1c2c7df3d199446bc9607a7d115517.wav,dusha/crowd/crowd_train/wavs/dbcff272f46175935ddcd8f816480018.wav,0,0,2
dusha/crowd/crowd_train/wavs/e36aa9e176c04749390558e3e88f95eb.wav,dusha/crowd/crowd_train/wavs/2b5abf8741620d3d8ce40b99fdae2117.wav,dusha/crowd/crowd_train/wavs/6559c4adc780927b503dffce2bf1c8c8.wav,0,0,3
dusha/crowd/crowd_train/wavs/8eb7ee2bd189233ee106c6b55c88d101.wav,dusha/crowd/crowd_train/wavs/72b347d29ab1326eeac1bf6575abb8de.wav,dusha/crowd/crowd_train/wavs/c641419604a4a899d7748f969c602353.wav,2,2,0
dusha/crowd/crowd_train/wavs/8eb7ee2bd189233ee106c6b55c88d101.wav,dusha/crowd/crowd_train/wavs/2577c0480659c75ee9a147887dc21b97.wav,dusha/crowd/crowd_train/wavs/5edbb4537611736e15e784104c573442.wav,2,2,1
dusha/crowd/crowd_train/wavs/8eb7ee2bd189233ee106c6b55c88d101.wav,dusha/crowd/crowd_train/wavs/5db9b80c8a75b82696d88d48fd83ccef.wav,dusha/crowd/crowd_train/wavs/f5142148d068bce778f3a91f8c6eefea.wav,2,2,3
dusha/crowd/crowd_train/wavs/e5061e1622dc4fd9f017d1fd223bdda4.wav,dusha/crowd/crowd_train/wavs/e9c0b9e19e37d7c6ea8db0d2e8eb430f.wav,dusha/crowd/crowd_train/wavs/d5b356df1159497e76fcf1b8245ee69c.wav,2,2,0
dusha/crowd/crowd_train/wavs/e5061e1622dc4fd9f017d1fd223bdda4.wav,dusha/crowd/crowd_train/wavs/92012ace03825e19b716cc630b49836b.wav,dusha/crowd/crowd_train/wavs/356e53bae3bc367835f341b2aeab2fb9.wav,2,2,1
dusha/crowd/crowd_train/wavs/e5061e1622dc4fd9f017d1fd223bdda4.wav,dusha/crowd/crowd_train/wavs/24ff76e4d8fb820ddb28a4f22f598ff4.wav,dusha/crowd/crowd_train/wavs/68a43e9cb1293bfcddea2e47e496cd65.wav,2,2,3
dusha/crowd/crowd_train/wavs/c5749286a107f7594031e3dd54ae2ab0.wav,dusha/crowd/crowd_train/wavs/f4d28c63d0bb9aef386e9a394eb92eb7.wav,dusha/crowd/crowd_train/wavs/f01421a1f46ea7153cba448d63d32a7f.wav,2,2,0
dusha/crowd/crowd_train/wavs/c5749286a107f7594031e3dd54ae2ab0.wav,dusha/crowd/crowd_train/wavs/79efd8aea9314d46c9c70f93b104c33b.wav,dusha/crowd/crowd_train/wavs/9f10a79e74220e9649c73a5e9ae145eb.wav,2,2,1
dusha/crowd/crowd_train/wavs/c5749286a107f7594031e3dd54ae2ab0.wav,dusha/crowd/crowd_train/wavs/d96faddc555383946cfa1a7f71745ba6.wav,dusha/crowd/crowd_train/wavs/e4b7e3069b69f065845be9bad9c26900.wav,2,2,3
dusha/crowd/crowd_train/wavs/fb44b08978c2254dca5c03b3f8b6f951.wav,dusha/crowd/crowd_train/wavs/c7a00910974b182557c9dc992eac50c2.wav,dusha/crowd/crowd_train/wavs/ec035e735e4030515d1deff434244a1b.wav,3,3,0
dusha/crowd/crowd_train/wavs/fb44b08978c2254dca5c03b3f8b6f951.wav,dusha/crowd/crowd_train/wavs/fcaf49670bfca043b2d9c896195b21e4.wav,dusha/crowd/crowd_train/wavs/4f66b380b9c246f334d9beebfadb17ab.wav,3,3,1
dusha/crowd/crowd_train/wavs/fb44b08978c2254dca5c03b3f8b6f951.wav,dusha/crowd/crowd_train/wavs/3c4bd0f23167c4e9049d05d8ece346f5.wav,dusha/crowd/crowd_train/wavs/0f0cd6d43203b9524872469d0b326be0.wav,3,3,2
dusha/crowd/crowd_train/wavs/0e0e396ac612341eb33ba2a542371e65.wav,dusha/crowd/crowd_train/wavs/600cfc6c98944535947c47ff90048686.wav,dusha/crowd/crowd_train/wavs/5ca17a6a402f87fae1dae9b89b595efb.wav,2,2,0
dusha/crowd/crowd_train/wavs/0e0e396ac612341eb33ba2a542371e65.wav,dusha/crowd/crowd_train/wavs/2cbe4c1b5b6112ecb723780ee5adeb5e.wav,dusha/crowd/crowd_train/wavs/1bba832fbc018b4e34a6a55c05ca0634.wav,2,2,1
dusha/crowd/crowd_train/wavs/0e0e396ac612341eb33ba2a542371e65.wav,dusha/crowd/crowd_train/wavs/8b84a610becb4b1561138b8382da6a90.wav,dusha/crowd/crowd_train/wavs/b9c35572b457f9bcab38e8d06f460ccf.wav,2,2,3
dusha/crowd/crowd_train/wavs/32c21cb2a87632e0ffbafaef85fffd71.wav,dusha/crowd/crowd_train/wavs/c6e7fbd5ddc05cc5ed07bf76a51be6a1.wav,dusha/crowd/crowd_train/wavs/025001f4007d0a574dcd036089213173.wav,3,3,0
dusha/crowd/crowd_train/wavs/32c21cb2a87632e0ffbafaef85fffd71.wav,dusha/crowd/crowd_train/wavs/a23f1d651430c472d1ae15c216703148.wav,dusha/crowd/crowd_train/wavs/117f8156e6ceb615ecdf0de9a79f4506.wav,3,3,1
dusha/crowd/crowd_train/wavs/32c21cb2a87632e0ffbafaef85fffd71.wav,dusha/crowd/crowd_train/wavs/72c2a5bfcb823f724a14ff7e2bd8eb82.wav,dusha/crowd/crowd_train/wavs/64da3e29d98cca62a7eb33e08194224e.wav,3,3,2
dusha/crowd/crowd_train/wavs/0a346487a47bebed360645888710b450.wav,dusha/crowd/crowd_train/wavs/99559667c52614f12f3b187c5fb1e60c.wav,dusha/crowd/crowd_train/wavs/a01083e8f0a8fb9ec46e404c55374d2d.wav,2,2,0
dusha/crowd/crowd_train/wavs/0a346487a47bebed360645888710b450.wav,dusha/crowd/crowd_train/wavs/0e1dbd49e40fb4e70c8c7334797a18d0.wav,dusha/crowd/crowd_train/wavs/ea15e7916353ab5425eb30fc9705b91e.wav,2,2,1
dusha/crowd/crowd_train/wavs/0a346487a47bebed360645888710b450.wav,dusha/crowd/crowd_train/wavs/987fca45d91f6d2b40e9a64a267a9db1.wav,dusha/crowd/crowd_train/wavs/a84a98aa3302d3283504e3c43dfe07f7.wav,2,2,3
dusha/crowd/crowd_train/wavs/23b73560f90358ea816d0724df924cd5.wav,dusha/crowd/crowd_train/wavs/898611176390427368bba1b6f79ce10d.wav,dusha/crowd/crowd_train/wavs/dade2413f8f1127f17e32b3ba75927f2.wav,1,1,0
dusha/crowd/crowd_train/wavs/23b73560f90358ea816d0724df924cd5.wav,dusha/crowd/crowd_train/wavs/f5de7ca57e774c6d3fa5c37777634876.wav,dusha/crowd/crowd_train/wavs/eec124e4c8d1ff497dd7a3390104c7f3.wav,1,1,2
dusha/crowd/crowd_train/wavs/23b73560f90358ea816d0724df924cd5.wav,dusha/crowd/crowd_train/wavs/a2d0c76c64559f7e2ad5230b6804664d.wav,dusha/crowd/crowd_train/wavs/694b3436220d02df9cd911bcd8b7474b.wav,1,1,3
dusha/crowd/crowd_train/wavs/abf8cc9726ed71371bbf1a7afcb693d1.wav,dusha/crowd/crowd_train/wavs/e9c39b58c07b9c116420be0e4e5890b2.wav,dusha/crowd/crowd_train/wavs/1c7fa1a7003cce033448ac8933a4b69d.wav,0,0,1
dusha/crowd/crowd_train/wavs/abf8cc9726ed71371bbf1a7afcb693d1.wav,dusha/crowd/crowd_train/wavs/2b5fa69c2770cd3c53da04b3037d5d15.wav,dusha/crowd/crowd_train/wavs/e9c0b9e19e37d7c6ea8db0d2e8eb430f.wav,0,0,2
dusha/crowd/crowd_train/wavs/abf8cc9726ed71371bbf1a7afcb693d1.wav,dusha/crowd/crowd_train/wavs/1e8372d3c71193d8b09a05e45a488c99.wav,dusha/crowd/crowd_train/wavs/c8583732ab050ba6a8ca00c4cae3adb2.wav,0,0,3
dusha/crowd/crowd_train/wavs/ef6307f6a3a260b667bbb5eff6248a38.wav,dusha/crowd/crowd_train/wavs/a9ae262219add74f6d1438530a01b644.wav,dusha/crowd/crowd_train/wavs/c8d3b9aa4b5877f4820dcea629a43b48.wav,0,0,1
dusha/crowd/crowd_train/wavs/ef6307f6a3a260b667bbb5eff6248a38.wav,dusha/crowd/crowd_train/wavs/b4979b7827a98ef5169b6aad692afeff.wav,dusha/crowd/crowd_train/wavs/ca7bf826db344fe758a79a59dcd52507.wav,0,0,2
dusha/crowd/crowd_train/wavs/ef6307f6a3a260b667bbb5eff6248a38.wav,dusha/crowd/crowd_train/wavs/095462a07e4d7c5666740ebd5a0dafb1.wav,dusha/crowd/crowd_train/wavs/9801fa2dd8063db6e87ba51d455969e2.wav,0,0,3
dusha/crowd/crowd_train/wavs/e5f94b4cae8c4c18f9cfba47283d7511.wav,dusha/crowd/crowd_train/wavs/0a8dd22e709fefc891b5bec6de9c1372.wav,dusha/crowd/crowd_train/wavs/ae54f9aef7a784b319ed0adee440c11e.wav,1,1,0
dusha/crowd/crowd_train/wavs/e5f94b4cae8c4c18f9cfba47283d7511.wav,dusha/crowd/crowd_train/wavs/6f3a68ae3bc5b75c86898cfc1f0814b7.wav,dusha/crowd/crowd_train/wavs/78af4015f36a33b9523a219c258735f1.wav,1,1,2
dusha/crowd/crowd_train/wavs/e5f94b4cae8c4c18f9cfba47283d7511.wav,dusha/crowd/crowd_train/wavs/61c5625f83e471ddfd2343996e3e142d.wav,dusha/crowd/crowd_train/wavs/38f031f860b329a4fb575f5613808051.wav,1,1,3
dusha/crowd/crowd_train/wavs/2927e8d4f9211a4506a109e32266047e.wav,dusha/crowd/crowd_train/wavs/4dae07e902babcbc5c8c8fdd01e1016e.wav,dusha/crowd/crowd_train/wavs/0049eaf52f738640b8efe87f01971b29.wav,2,2,0
dusha/crowd/crowd_train/wavs/2927e8d4f9211a4506a109e32266047e.wav,dusha/crowd/crowd_train/wavs/8d4b40ae3715c09523627bc743b9ac31.wav,dusha/crowd/crowd_train/wavs/6f16b51ee2bc22d811cca4465d03887f.wav,2,2,1
dusha/crowd/crowd_train/wavs/2927e8d4f9211a4506a109e32266047e.wav,dusha/crowd/crowd_train/wavs/80a155ad9dfd9210925ebcd69318b720.wav,dusha/crowd/crowd_train/wavs/229819d23aa9ab148fc59a6a70b84d4b.wav,2,2,3
dusha/crowd/crowd_train/wavs/66b91fe3d66942261bc25e0be5425ee6.wav,dusha/crowd/crowd_train/wavs/a850f084e622e5769d476ca7a2a13701.wav,dusha/crowd/crowd_train/wavs/210efa18945f7a75f71d80e72a3afd3e.wav,0,0,1
dusha/crowd/crowd_train/wavs/66b91fe3d66942261bc25e0be5425ee6.wav,dusha/crowd/crowd_train/wavs/aedf446ab6a2aeda22f89789cb67815c.wav,dusha/crowd/crowd_train/wavs/aecb8ba6c996e7cd4648bf2fa566a28b.wav,0,0,2
dusha/crowd/crowd_train/wavs/66b91fe3d66942261bc25e0be5425ee6.wav,dusha/crowd/crowd_train/wavs/6b1af702b05e49b89e7398c42cdaedb6.wav,dusha/crowd/crowd_train/wavs/27b06fca5d848181476029a1967ff0ca.wav,0,0,3
dusha/crowd/crowd_train/wavs/88b0ba895a6d050d5c2e82c1fdf98441.wav,dusha/crowd/crowd_train/wavs/c437b402a38bc54169230c9493015f1a.wav,dusha/crowd/crowd_train/wavs/e18c425e0e8c639cd2e8867e3cff4e9b.wav,2,2,0
dusha/crowd/crowd_train/wavs/88b0ba895a6d050d5c2e82c1fdf98441.wav,dusha/crowd/crowd_train/wavs/1796c37942574cbfecef6d82fb9ec4ac.wav,dusha/crowd/crowd_train/wavs/e5073c3c02a53be2ee4a706cb51085dd.wav,2,2,1
dusha/crowd/crowd_train/wavs/88b0ba895a6d050d5c2e82c1fdf98441.wav,dusha/crowd/crowd_train/wavs/92b201a925e60e6c48483708774a7969.wav,dusha/crowd/crowd_train/wavs/8d2b739816f261c1d341325dabafc817.wav,2,2,3
dusha/crowd/crowd_train/wavs/d15bfe36b3fad3d2ca5289b8da1894ea.wav,dusha/crowd/crowd_train/wavs/1ec0be5941af6c23cdb9b579d9fc24b0.wav,dusha/crowd/crowd_train/wavs/3bdbaffc31e6b4871943d6452cae9734.wav,2,2,0
dusha/crowd/crowd_train/wavs/d15bfe36b3fad3d2ca5289b8da1894ea.wav,dusha/crowd/crowd_train/wavs/6742ddaefafb34035b23c25435138b8d.wav,dusha/crowd/crowd_train/wavs/c535fd228626a8c824675b2b359c67e4.wav,2,2,1
dusha/crowd/crowd_train/wavs/d15bfe36b3fad3d2ca5289b8da1894ea.wav,dusha/crowd/crowd_train/wavs/93372aa771be8d53c399e0d4ad29eb35.wav,dusha/crowd/crowd_train/wavs/1c08cd9cda769f5179a52ea69c2ef17e.wav,2,2,3
dusha/crowd/crowd_train/wavs/2ae1d30261c17803e25b7c959de41c65.wav,dusha/crowd/crowd_train/wavs/40884df0e3fb2facdad45b654c7a0db8.wav,dusha/crowd/crowd_train/wavs/f0221b7237176bdd12fcc398ca744d3a.wav,3,3,0
dusha/crowd/crowd_train/wavs/2ae1d30261c17803e25b7c959de41c65.wav,dusha/crowd/crowd_train/wavs/6764ab38bd2bc5ed8cb7873728e41ecb.wav,dusha/crowd/crowd_train/wavs/06a6802c5c8741d6ce0a49c1ba8e7b23.wav,3,3,1
dusha/crowd/crowd_train/wavs/2ae1d30261c17803e25b7c959de41c65.wav,dusha/crowd/crowd_train/wavs/1a7feda97493a82aa159b43c58206047.wav,dusha/crowd/crowd_train/wavs/d0f372e66a8389cd8e6b23088078d934.wav,3,3,2
dusha/crowd/crowd_train/wavs/b40eba2d6720c80fe29af3327f84bb51.wav,dusha/crowd/crowd_train/wavs/1c5ee742c806c90f565c6460b1869cb4.wav,dusha/crowd/crowd_train/wavs/1ec953d6f9905ea28e097f497d72c720.wav,0,0,1
dusha/crowd/crowd_train/wavs/b40eba2d6720c80fe29af3327f84bb51.wav,dusha/crowd/crowd_train/wavs/182de047c4eea1ec9821a8fae7819d3f.wav,dusha/crowd/crowd_train/wavs/0419ddb4e97c10e1ed75c52f7f008afc.wav,0,0,2
dusha/crowd/crowd_train/wavs/b40eba2d6720c80fe29af3327f84bb51.wav,dusha/crowd/crowd_train/wavs/548b72f332672798fb322eb7b13c315a.wav,dusha/crowd/crowd_train/wavs/5157cb4dad06910900ef7badb54a544d.wav,0,0,3
dusha/crowd/crowd_train/wavs/e2697c1567aec0373e16859103632a3d.wav,dusha/crowd/crowd_train/wavs/625f551b28a1a78994c153a49a53c1de.wav,dusha/crowd/crowd_train/wavs/0d80741154d25e0cb94a3a02532f2c23.wav,1,1,0
dusha/crowd/crowd_train/wavs/e2697c1567aec0373e16859103632a3d.wav,dusha/crowd/crowd_train/wavs/2350e30bbb72145a69049f6eb30563d9.wav,dusha/crowd/crowd_train/wavs/7c1b946ccfb320deba7526b72802f308.wav,1,1,2
dusha/crowd/crowd_train/wavs/e2697c1567aec0373e16859103632a3d.wav,dusha/crowd/crowd_train/wavs/8f707298283bc215fbad4fd6a0f282d3.wav,dusha/crowd/crowd_train/wavs/5d8865a958023f6b8b3458a7a722a585.wav,1,1,3
dusha/crowd/crowd_train/wavs/f630a6a1ccc4e0cb40f12bee98ec948f.wav,dusha/crowd/crowd_train/wavs/d54afe6dde91be12ec70a8f1b5dbd8da.wav,dusha/crowd/crowd_train/wavs/6cd050f102ba3f51fd2453d3a71d86fa.wav,0,0,1
dusha/crowd/crowd_train/wavs/f630a6a1ccc4e0cb40f12bee98ec948f.wav,dusha/crowd/crowd_train/wavs/0c00bd2348bdfe617473c6b843070d94.wav,dusha/crowd/crowd_train/wavs/163b1f6de7f82a7541328de37aa1e4c7.wav,0,0,2
dusha/crowd/crowd_train/wavs/f630a6a1ccc4e0cb40f12bee98ec948f.wav,dusha/crowd/crowd_train/wavs/55977dca9f8a79caec2b6ea2758778fd.wav,dusha/crowd/crowd_train/wavs/32d3899926d8aefff3a43e7e2fbc3eec.wav,0,0,3
dusha/crowd/crowd_train/wavs/065e594d36aeee2e0d5cf7ef2801d70a.wav,dusha/crowd/crowd_train/wavs/de88bbd199a471f889d7105633288d61.wav,dusha/crowd/crowd_train/wavs/356df61e06ab3833656f14b073e89996.wav,1,1,0
dusha/crowd/crowd_train/wavs/065e594d36aeee2e0d5cf7ef2801d70a.wav,dusha/crowd/crowd_train/wavs/1ca6aafccb8c651408a1b00f904d7f50.wav,dusha/crowd/crowd_train/wavs/6acb2af3979231628abb2259ea44830d.wav,1,1,2
dusha/crowd/crowd_train/wavs/065e594d36aeee2e0d5cf7ef2801d70a.wav,dusha/crowd/crowd_train/wavs/d19227b7c1ea0057381b4719f02ca7de.wav,dusha/crowd/crowd_train/wavs/84240610761697e67c988d9afd698c6d.wav,1,1,3
dusha/crowd/crowd_train/wavs/c03d33a0260e73a492f3b854d21a688a.wav,dusha/crowd/crowd_train/wavs/122ba1dcfcda06120a8bfa3f37d79758.wav,dusha/crowd/crowd_train/wavs/fdb90b7f228a161233e0e72edbc57fa9.wav,3,3,0
dusha/crowd/crowd_train/wavs/c03d33a0260e73a492f3b854d21a688a.wav,dusha/crowd/crowd_train/wavs/4377f74267579bef7edb8177c30fd378.wav,dusha/crowd/crowd_train/wavs/bddecc70b7c3ce81ed00f9a905077e31.wav,3,3,1
dusha/crowd/crowd_train/wavs/c03d33a0260e73a492f3b854d21a688a.wav,dusha/crowd/crowd_train/wavs/299163365b31d600dc2d6e5920e4e447.wav,dusha/crowd/crowd_train/wavs/b37ea8c5c1679b06c6801332904d3a66.wav,3,3,2
dusha/crowd/crowd_train/wavs/94fdda715eba547d5b89901895a0003e.wav,dusha/crowd/crowd_train/wavs/e38a26a35eb5ee24863779e72f94759b.wav,dusha/crowd/crowd_train/wavs/7d00f9ac9c0dfaaa6130eaae0bda7dde.wav,2,2,0
dusha/crowd/crowd_train/wavs/94fdda715eba547d5b89901895a0003e.wav,dusha/crowd/crowd_train/wavs/05a3c9f4bc6878d24e3433b1252d4225.wav,dusha/crowd/crowd_train/wavs/a47f34abcc9ac99490cebc81c1779dca.wav,2,2,1
dusha/crowd/crowd_train/wavs/94fdda715eba547d5b89901895a0003e.wav,dusha/crowd/crowd_train/wavs/549b36cd0533f24d389c826fe6984098.wav,dusha/crowd/crowd_train/wavs/9c177716a869963495463723ab0d72cd.wav,2,2,3
dusha/crowd/crowd_train/wavs/4f38ae13687a512859c9f73c8c945944.wav,dusha/crowd/crowd_train/wavs/c9f250964707570f0bd5ef7590571818.wav,dusha/crowd/crowd_train/wavs/9a3f749cb73826c949d3f1e565965e4c.wav,2,2,0
dusha/crowd/crowd_train/wavs/4f38ae13687a512859c9f73c8c945944.wav,dusha/crowd/crowd_train/wavs/2f5849c6f1db392fc22ea196128ef94f.wav,dusha/crowd/crowd_train/wavs/48befd2c42d6820621240ab4a47abec5.wav,2,2,1
dusha/crowd/crowd_train/wavs/4f38ae13687a512859c9f73c8c945944.wav,dusha/crowd/crowd_train/wavs/babb5a1b4dfceb680431210b5d961edb.wav,dusha/crowd/crowd_train/wavs/acfa23cdb409a56b25f733073865e66a.wav,2,2,3
dusha/crowd/crowd_train/wavs/cbdcd5d7fdaad6b2a53344210b5f33df.wav,dusha/crowd/crowd_train/wavs/73a95d468d0a3420412f3fed06cfcbfc.wav,dusha/crowd/crowd_train/wavs/60be8acde9df85d4542b14bc3eed8410.wav,1,1,0
dusha/crowd/crowd_train/wavs/cbdcd5d7fdaad6b2a53344210b5f33df.wav,dusha/crowd/crowd_train/wavs/38a5cddfe3a19fd798e0b8f38affcfa1.wav,dusha/crowd/crowd_train/wavs/753a4a6131db6c74b565e45a52ea9fb9.wav,1,1,2
dusha/crowd/crowd_train/wavs/cbdcd5d7fdaad6b2a53344210b5f33df.wav,dusha/crowd/crowd_train/wavs/db0280856bf22db70f273d0d99098270.wav,dusha/crowd/crowd_train/wavs/4c7b5a2ccb0542c47215bcaf33786fd3.wav,1,1,3
dusha/crowd/crowd_train/wavs/95b214f5cbd234b86a41a954445f674e.wav,dusha/crowd/crowd_train/wavs/217e8c536c41548675982b6db2163f8c.wav,dusha/crowd/crowd_train/wavs/387b5668837faf5292fd953cdbac51dc.wav,0,0,1
dusha/crowd/crowd_train/wavs/95b214f5cbd234b86a41a954445f674e.wav,dusha/crowd/crowd_train/wavs/7a2b0c2bbc5b4c42b679041c531f2665.wav,dusha/crowd/crowd_train/wavs/5921a4145e7d73cce832c20c1046757d.wav,0,0,2
dusha/crowd/crowd_train/wavs/95b214f5cbd234b86a41a954445f674e.wav,dusha/crowd/crowd_train/wavs/c59e55c3577aed25447e942915453386.wav,dusha/crowd/crowd_train/wavs/9e3685d94b5ad590915c80b9a486f644.wav,0,0,3
dusha/crowd/crowd_train/wavs/2d64ce3e4216c64d4f9434d9f7fc5de4.wav,dusha/crowd/crowd_train/wavs/5d4e63f194cce25a8fc7917fb9c60eda.wav,dusha/crowd/crowd_train/wavs/e479c1f593d0486c0725e34024754d22.wav,1,1,0
dusha/crowd/crowd_train/wavs/2d64ce3e4216c64d4f9434d9f7fc5de4.wav,dusha/crowd/crowd_train/wavs/7bb24e67c7d9d8fd9d791da41c0b43b6.wav,dusha/crowd/crowd_train/wavs/9dc6fc993dce60ca78e23ce4c41a3ee0.wav,1,1,2
dusha/crowd/crowd_train/wavs/2d64ce3e4216c64d4f9434d9f7fc5de4.wav,dusha/crowd/crowd_train/wavs/d56e793b97b1a18dc138718ec0717458.wav,dusha/crowd/crowd_train/wavs/3494f4d223eb7d12d7af3e3aaab6630f.wav,1,1,3
dusha/crowd/crowd_train/wavs/f66527ad06525e59b12938bc10f375cc.wav,dusha/crowd/crowd_train/wavs/f4f2b1cb7e627d1620b13cd15839e0c3.wav,dusha/crowd/crowd_train/wavs/64e5dc269a346fbd32e5154b7dcfbd6a.wav,0,0,1
dusha/crowd/crowd_train/wavs/f66527ad06525e59b12938bc10f375cc.wav,dusha/crowd/crowd_train/wavs/facf3330e535fef77ec86070cf5d19bb.wav,dusha/crowd/crowd_train/wavs/7f296254397410221138261e337672e4.wav,0,0,2
dusha/crowd/crowd_train/wavs/f66527ad06525e59b12938bc10f375cc.wav,dusha/crowd/crowd_train/wavs/e00595dd14cffee53cc45c5ad7a8e85a.wav,dusha/crowd/crowd_train/wavs/3ba506fa7ccfc8addd0ba492befd3fdc.wav,0,0,3
dusha/crowd/crowd_train/wavs/81ddbd64a0acc85a25425c81b36c69ad.wav,dusha/crowd/crowd_train/wavs/c26b908fb3666bc9db5cbd3198845f82.wav,dusha/crowd/crowd_train/wavs/e6de30c5a79af7c5c6b8f2faa6a52127.wav,0,0,1
dusha/crowd/crowd_train/wavs/81ddbd64a0acc85a25425c81b36c69ad.wav,dusha/crowd/crowd_train/wavs/8a5b143ad9e60a5f24361761174617e5.wav,dusha/crowd/crowd_train/wavs/f1d6e2dd33b5028d31d5a66d8bc38123.wav,0,0,2
dusha/crowd/crowd_train/wavs/81ddbd64a0acc85a25425c81b36c69ad.wav,dusha/crowd/crowd_train/wavs/8f7787bd79f6ca680d32010212dd2bac.wav,dusha/crowd/crowd_train/wavs/563c9a47fc6042966f656cdf9fc7075a.wav,0,0,3
dusha/crowd/crowd_train/wavs/1a8d55fea5571bba2b16e7c1173f87a0.wav,dusha/crowd/crowd_train/wavs/aa407974bb7964c288d7d48e3b3170d7.wav,dusha/crowd/crowd_train/wavs/10aec76306a3531c09bb9850114b127c.wav,3,3,0
dusha/crowd/crowd_train/wavs/1a8d55fea5571bba2b16e7c1173f87a0.wav,dusha/crowd/crowd_train/wavs/60ac18b8f10814de7c7cfe4d3df58153.wav,dusha/crowd/crowd_train/wavs/4cbf14d9f60a97b0669f3a032869548a.wav,3,3,1
dusha/crowd/crowd_train/wavs/1a8d55fea5571bba2b16e7c1173f87a0.wav,dusha/crowd/crowd_train/wavs/06287ed179ed1b79b8bcf107a607c046.wav,dusha/crowd/crowd_train/wavs/ae7eae68469e765b62e163d54547243f.wav,3,3,2
dusha/crowd/crowd_train/wavs/3f8389ee77d168a7f91e3b4e46d2826c.wav,dusha/crowd/crowd_train/wavs/106b3275a0582bf33fc3e2c76c5f9a64.wav,dusha/crowd/crowd_train/wavs/c7cbf1d7e2fd2ef833b0d1feb22eb975.wav,1,1,0
dusha/crowd/crowd_train/wavs/3f8389ee77d168a7f91e3b4e46d2826c.wav,dusha/crowd/crowd_train/wavs/0a4555c1afda5b803112eaaae87e3b51.wav,dusha/crowd/crowd_train/wavs/0579a77064154ff940f6d9826a3caf6f.wav,1,1,2
dusha/crowd/crowd_train/wavs/3f8389ee77d168a7f91e3b4e46d2826c.wav,dusha/crowd/crowd_train/wavs/52be52a839b8a9e737a32a5537e947cb.wav,dusha/crowd/crowd_train/wavs/f7c69f66cd1142846df518f2af172e9f.wav,1,1,3
dusha/crowd/crowd_train/wavs/ae5760bc38118533dac222369c2eda9c.wav,dusha/crowd/crowd_train/wavs/bd35548e62543fc29ede62d66465f497.wav,dusha/crowd/crowd_train/wavs/67a7a99bb20424f4209229e5388be2ae.wav,0,0,1
dusha/crowd/crowd_train/wavs/ae5760bc38118533dac222369c2eda9c.wav,dusha/crowd/crowd_train/wavs/3d6e1f49800394e65b255fa9b2d8b019.wav,dusha/crowd/crowd_train/wavs/334d838d79073e70ee4de9e4a36339a3.wav,0,0,2
dusha/crowd/crowd_train/wavs/ae5760bc38118533dac222369c2eda9c.wav,dusha/crowd/crowd_train/wavs/0e3581851979798d8589c4b576e06098.wav,dusha/crowd/crowd_train/wavs/facbd555b207bdffdc93d4860ff83722.wav,0,0,3
dusha/crowd/crowd_train/wavs/b607350a030baa48490805ebdaa0cc83.wav,dusha/crowd/crowd_train/wavs/fa08b85680182218c19750d13294ec0a.wav,dusha/crowd/crowd_train/wavs/9799d96556da4e966eb187696cee1426.wav,3,3,0
dusha/crowd/crowd_train/wavs/b607350a030baa48490805ebdaa0cc83.wav,dusha/crowd/crowd_train/wavs/8719e9da986db10f8086ceae5cb9b928.wav,dusha/crowd/crowd_train/wavs/f0ea336056aede49ca9c99b0f7965ec0.wav,3,3,1
dusha/crowd/crowd_train/wavs/b607350a030baa48490805ebdaa0cc83.wav,dusha/crowd/crowd_train/wavs/0a00f56006e905afec2d51977da66eb6.wav,dusha/crowd/crowd_train/wavs/93274342b049a57c7d4f782816e91d6e.wav,3,3,2
dusha/crowd/crowd_train/wavs/df0e9423d952f946447584d92fd40096.wav,dusha/crowd/crowd_train/wavs/8dc75607b4d5788c17766f778ed65f01.wav,dusha/crowd/crowd_train/wavs/57cf919884b0760778aa45a3ac0ab9c7.wav,2,2,0
dusha/crowd/crowd_train/wavs/df0e9423d952f946447584d92fd40096.wav,dusha/crowd/crowd_train/wavs/f1b609df49e10871dffe7cbc5943eab1.wav,dusha/crowd/crowd_train/wavs/e618fb6b65f1f1d6a06605d7dd132dbc.wav,2,2,1
dusha/crowd/crowd_train/wavs/df0e9423d952f946447584d92fd40096.wav,dusha/crowd/crowd_train/wavs/e0aea4a8f600bb59c9cf10bbe35aceda.wav,dusha/crowd/crowd_train/wavs/45af17e6957cb324b3c54b8b30757358.wav,2,2,3
dusha/crowd/crowd_train/wavs/974b107dba4dcacfd0546d2c6ccf3ba3.wav,dusha/crowd/crowd_train/wavs/2f9b102ad4c6870c144da5c86f7a52b6.wav,dusha/crowd/crowd_train/wavs/3d6e1f49800394e65b255fa9b2d8b019.wav,3,3,0
dusha/crowd/crowd_train/wavs/974b107dba4dcacfd0546d2c6ccf3ba3.wav,dusha/crowd/crowd_train/wavs/efab1a7270a67c4e1c8627e1f4d85fa5.wav,dusha/crowd/crowd_train/wavs/59c88abdd1cb0e8a2056bfb1aa1f58fb.wav,3,3,1
dusha/crowd/crowd_train/wavs/974b107dba4dcacfd0546d2c6ccf3ba3.wav,dusha/crowd/crowd_train/wavs/8e1724ec114cc9420ecc79eb467ebf71.wav,dusha/crowd/crowd_train/wavs/4d0549a4d097496f54a31414284cad56.wav,3,3,2
dusha/crowd/crowd_train/wavs/6dccc2ab6459a596f458b87630346eaf.wav,dusha/crowd/crowd_train/wavs/f08d8c2c6e8044369af2d090952b0af1.wav,dusha/crowd/crowd_train/wavs/b8d276e7cc130210bd8b03698faa0d3c.wav,0,0,1
dusha/crowd/crowd_train/wavs/6dccc2ab6459a596f458b87630346eaf.wav,dusha/crowd/crowd_train/wavs/99859ddd43fc7b552c273a669d4ffdd8.wav,dusha/crowd/crowd_train/wavs/c70e7d45c6ce3938becd664733868434.wav,0,0,2
dusha/crowd/crowd_train/wavs/6dccc2ab6459a596f458b87630346eaf.wav,dusha/crowd/crowd_train/wavs/1552a09c85122f2671f12c6dc3f44b75.wav,dusha/crowd/crowd_train/wavs/0a2711f1f779bb0ed2898923fb705cb7.wav,0,0,3
dusha/crowd/crowd_train/wavs/6591e5795101d0e86e6f18c29336cf05.wav,dusha/crowd/crowd_train/wavs/246a17574ca53210ec9697bb94b0f91b.wav,dusha/crowd/crowd_train/wavs/dd7069437a528d8e9bfa974f6dc5deef.wav,1,1,0
dusha/crowd/crowd_train/wavs/6591e5795101d0e86e6f18c29336cf05.wav,dusha/crowd/crowd_train/wavs/68ac85bab60af0d4ffd14b812332e1b2.wav,dusha/crowd/crowd_train/wavs/1d5bb205e0b1839a19f0b8f7397af753.wav,1,1,2
dusha/crowd/crowd_train/wavs/6591e5795101d0e86e6f18c29336cf05.wav,dusha/crowd/crowd_train/wavs/ff618db84ac47b4cdfdd00cbdb798819.wav,dusha/crowd/crowd_train/wavs/cdcc27f998d21b450b45fd905d4f2fec.wav,1,1,3
dusha/crowd/crowd_train/wavs/13954e8605a6fa30c743f068c711c74f.wav,dusha/crowd/crowd_train/wavs/49073ff0c8c85b98c386c7ff342e76a2.wav,dusha/crowd/crowd_train/wavs/47b4ba6c4693dec4b9bb26e1d9945d35.wav,1,1,0
dusha/crowd/crowd_train/wavs/13954e8605a6fa30c743f068c711c74f.wav,dusha/crowd/crowd_train/wavs/9ba83d276c96ba88dbbe239c52eaebef.wav,dusha/crowd/crowd_train/wavs/41827399ee8931e03e1f46cc342f97e7.wav,1,1,2
dusha/crowd/crowd_train/wavs/13954e8605a6fa30c743f068c711c74f.wav,dusha/crowd/crowd_train/wavs/973546da9b3d77f8f9524997979fa037.wav,dusha/crowd/crowd_train/wavs/125c6a679b136d10f2d94bdb535370e5.wav,1,1,3
dusha/crowd/crowd_train/wavs/df597127ad301262ebbda86eaeea88a0.wav,dusha/crowd/crowd_train/wavs/0768e912a7bc4726b23b2c29b8001baf.wav,dusha/crowd/crowd_train/wavs/af459fddbc25bc1b9ccd6ef7e50b0c49.wav,1,1,0
dusha/crowd/crowd_train/wavs/df597127ad301262ebbda86eaeea88a0.wav,dusha/crowd/crowd_train/wavs/8ad4838d5610f7bbe597cb9ba0e9da38.wav,dusha/crowd/crowd_train/wavs/7ac72d94e854668b9626cb9287e41256.wav,1,1,2
dusha/crowd/crowd_train/wavs/df597127ad301262ebbda86eaeea88a0.wav,dusha/crowd/crowd_train/wavs/4bf3743ccda5a3da5fbca47f57e7ddb6.wav,dusha/crowd/crowd_train/wavs/0a288c90f342ed493e771573b72a768c.wav,1,1,3
dusha/crowd/crowd_train/wavs/4dbdc8cd807e133a46e7f2743bec98dc.wav,dusha/crowd/crowd_train/wavs/26cf2b74f736d3052315b7a9f71dd5ed.wav,dusha/crowd/crowd_train/wavs/ccf3de81c8cd8581905a61573db6edcf.wav,0,0,1
dusha/crowd/crowd_train/wavs/4dbdc8cd807e133a46e7f2743bec98dc.wav,dusha/crowd/crowd_train/wavs/93484c3ca7b47f04fc4f96f3122d3567.wav,dusha/crowd/crowd_train/wavs/d6a8c0f45891e5cc871270f5b5db4e64.wav,0,0,2
dusha/crowd/crowd_train/wavs/4dbdc8cd807e133a46e7f2743bec98dc.wav,dusha/crowd/crowd_train/wavs/c7cd23835f2c570cc91f251a4ee3fe32.wav,dusha/crowd/crowd_train/wavs/e7bd01af6c64b130973852feee27bee1.wav,0,0,3
dusha/crowd/crowd_train/wavs/11704a9519489f2dcfe948e8130881b4.wav,dusha/crowd/crowd_train/wavs/b0dabde7442bf39106b3069064921731.wav,dusha/crowd/crowd_train/wavs/75a2239b7db0c5c4b8d0a11893f31c24.wav,1,1,0
dusha/crowd/crowd_train/wavs/11704a9519489f2dcfe948e8130881b4.wav,dusha/crowd/crowd_train/wavs/b02e878b7ebe69bb1535ec9e53a9a451.wav,dusha/crowd/crowd_train/wavs/267e9fbc5009b060a71f47c22d96a7ca.wav,1,1,2
dusha/crowd/crowd_train/wavs/11704a9519489f2dcfe948e8130881b4.wav,dusha/crowd/crowd_train/wavs/c7edeacdab1d23fce8bfb0bfd94afda9.wav,dusha/crowd/crowd_train/wavs/3b3bb66ef10ae65bfa348e020d5ecf9b.wav,1,1,3
dusha/crowd/crowd_train/wavs/8bdc5c9b8aa2faa6808e1f5b6c894d5d.wav,dusha/crowd/crowd_train/wavs/f24adf2c6762a4b93348f89496c9135f.wav,dusha/crowd/crowd_train/wavs/06029180a181d8f5320d79c1375c30c0.wav,3,3,0
dusha/crowd/crowd_train/wavs/8bdc5c9b8aa2faa6808e1f5b6c894d5d.wav,dusha/crowd/crowd_train/wavs/6b67a3832eaf5ae01d867ff9647630ab.wav,dusha/crowd/crowd_train/wavs/1c19b7bcedd3d5b085c01aeb29c04cbf.wav,3,3,1
dusha/crowd/crowd_train/wavs/8bdc5c9b8aa2faa6808e1f5b6c894d5d.wav,dusha/crowd/crowd_train/wavs/a31f8b55f8172436b0e431d07e819069.wav,dusha/crowd/crowd_train/wavs/afe975b00213a989d423abad67fbd573.wav,3,3,2
dusha/crowd/crowd_train/wavs/5ab65a5fb43caf19756d3565a56c8fa6.wav,dusha/crowd/crowd_train/wavs/404a3404e439cb0b984e8f418e20af70.wav,dusha/crowd/crowd_train/wavs/1b23d950287a8beefce345c8e248c761.wav,1,1,0
dusha/crowd/crowd_train/wavs/5ab65a5fb43caf19756d3565a56c8fa6.wav,dusha/crowd/crowd_train/wavs/c87d4e4b7327852b9a078fba2898bfc2.wav,dusha/crowd/crowd_train/wavs/0c70c403e0226bd94ec357294f67b491.wav,1,1,2
dusha/crowd/crowd_train/wavs/5ab65a5fb43caf19756d3565a56c8fa6.wav,dusha/crowd/crowd_train/wavs/7d4947e78cf284c30a1aade2890fe1b5.wav,dusha/crowd/crowd_train/wavs/09090ef760ad5c8c8652a1ced8e90aff.wav,1,1,3
dusha/crowd/crowd_train/wavs/132e3d4e55d89db1dacb2d7d6bf80c78.wav,dusha/crowd/crowd_train/wavs/b09525c1e4ed00907d70de1017ecfdb4.wav,dusha/crowd/crowd_train/wavs/33c94e03c9faef1f75d77966e509d2d8.wav,0,0,1
dusha/crowd/crowd_train/wavs/132e3d4e55d89db1dacb2d7d6bf80c78.wav,dusha/crowd/crowd_train/wavs/4582eb40945eab7f47bf87c7f8c90eba.wav,dusha/crowd/crowd_train/wavs/d511f589ef1d1dc20753d8d7f6b72d00.wav,0,0,2
dusha/crowd/crowd_train/wavs/132e3d4e55d89db1dacb2d7d6bf80c78.wav,dusha/crowd/crowd_train/wavs/89be0adccfc4714ab7f000196b2df909.wav,dusha/crowd/crowd_train/wavs/3346d3d168dc0869978454301c296c05.wav,0,0,3
dusha/crowd/crowd_train/wavs/d80b66fe1b24a5200dfb69e7b4b85b3a.wav,dusha/crowd/crowd_train/wavs/99b57557b5461dd921bae3a54c7e911d.wav,dusha/crowd/crowd_train/wavs/2159548db8d9149553a2d735fedae29b.wav,0,0,1
dusha/crowd/crowd_train/wavs/d80b66fe1b24a5200dfb69e7b4b85b3a.wav,dusha/crowd/crowd_train/wavs/65e4cebb932d63dc5bc44c9e693f1051.wav,dusha/crowd/crowd_train/wavs/0d1967cd6221f94b821d7736e3f210bb.wav,0,0,2
dusha/crowd/crowd_train/wavs/d80b66fe1b24a5200dfb69e7b4b85b3a.wav,dusha/crowd/crowd_train/wavs/c829f8a630ede458a9613b168acbb1eb.wav,dusha/crowd/crowd_train/wavs/d15065943ffca2c07585183e84ee11c9.wav,0,0,3
dusha/crowd/crowd_train/wavs/686187cead7d704bb367740ad1aad8e0.wav,dusha/crowd/crowd_train/wavs/f4f18b07a6b4af812e078e509d67d469.wav,dusha/crowd/crowd_train/wavs/2d64ce3e4216c64d4f9434d9f7fc5de4.wav,0,0,1
dusha/crowd/crowd_train/wavs/686187cead7d704bb367740ad1aad8e0.wav,dusha/crowd/crowd_train/wavs/f9d9fec7dd019e6c809ce9bf42dfea68.wav,dusha/crowd/crowd_train/wavs/58147e4cfced2321efbbd081b97a9551.wav,0,0,2
dusha/crowd/crowd_train/wavs/686187cead7d704bb367740ad1aad8e0.wav,dusha/crowd/crowd_train/wavs/df2c8d96354c4e320b62ea8bc2911c60.wav,dusha/crowd/crowd_train/wavs/07f39b2da0e9d257b17adafeb0ab7609.wav,0,0,3
dusha/crowd/crowd_train/wavs/305975f2eb547d7bbde0a0d432d23595.wav,dusha/crowd/crowd_train/wavs/8ecd3f52b2d5863af505442f6542d2dc.wav,dusha/crowd/crowd_train/wavs/2c94ca9d7b0da98b319426bea3f44ac7.wav,0,0,1
dusha/crowd/crowd_train/wavs/305975f2eb547d7bbde0a0d432d23595.wav,dusha/crowd/crowd_train/wavs/a7891c6af9f0be64e53e3d40cef165e2.wav,dusha/crowd/crowd_train/wavs/909bb084e1e0e8556e49f1ddaebc8933.wav,0,0,2
dusha/crowd/crowd_train/wavs/305975f2eb547d7bbde0a0d432d23595.wav,dusha/crowd/crowd_train/wavs/bdc0b48c52bbf9f7fb8fb0b18e0a598d.wav,dusha/crowd/crowd_train/wavs/98da50e37ad17bd24c9d2ef80f31a2a2.wav,0,0,3
dusha/crowd/crowd_train/wavs/2a2fc5f9a52fe11ae57989a517fd6215.wav,dusha/crowd/crowd_train/wavs/c3248a267d2a66ee54a0487c023c8e07.wav,dusha/crowd/crowd_train/wavs/ec2f981394e2c6e4a043a4ff7f06bdbb.wav,1,1,0
dusha/crowd/crowd_train/wavs/2a2fc5f9a52fe11ae57989a517fd6215.wav,dusha/crowd/crowd_train/wavs/555af57e09dde76fa54416d23ad05cce.wav,dusha/crowd/crowd_train/wavs/6af6ffc67031eeaa9cafa75d9c9860ea.wav,1,1,2
dusha/crowd/crowd_train/wavs/2a2fc5f9a52fe11ae57989a517fd6215.wav,dusha/crowd/crowd_train/wavs/4441a7d5583231b6bcfbb26b60b20df7.wav,dusha/crowd/crowd_train/wavs/2fe11ce33481bc49dd98d86cb63cab87.wav,1,1,3
dusha/crowd/crowd_train/wavs/be545b164142c0d6ffcc6d7560daf6f9.wav,dusha/crowd/crowd_train/wavs/831f8e6c0613e1ba35bf931868580605.wav,dusha/crowd/crowd_train/wavs/bfe523ee3426b26d21fca7c8fc2ce20b.wav,1,1,0
dusha/crowd/crowd_train/wavs/be545b164142c0d6ffcc6d7560daf6f9.wav,dusha/crowd/crowd_train/wavs/cfc81fa78d6cf607e41c42c6aa7ecbaa.wav,dusha/crowd/crowd_train/wavs/a9ae3d822caecf5c536e5fa8fb78a266.wav,1,1,2
dusha/crowd/crowd_train/wavs/be545b164142c0d6ffcc6d7560daf6f9.wav,dusha/crowd/crowd_train/wavs/b8c83672664314485ad24f3f3114d86e.wav,dusha/crowd/crowd_train/wavs/72c2a5bfcb823f724a14ff7e2bd8eb82.wav,1,1,3
dusha/crowd/crowd_train/wavs/f20c8ce351ea3b4983fd082d61ffea60.wav,dusha/crowd/crowd_train/wavs/80bddbe632598247fc27e24856398482.wav,dusha/crowd/crowd_train/wavs/392bbbf3d652632e4ec94517ff55f740.wav,0,0,1
dusha/crowd/crowd_train/wavs/f20c8ce351ea3b4983fd082d61ffea60.wav,dusha/crowd/crowd_train/wavs/606128ef0e582030c443785c2c716b72.wav,dusha/crowd/crowd_train/wavs/c7d40b506a30422312db546db08d1eb9.wav,0,0,2
dusha/crowd/crowd_train/wavs/f20c8ce351ea3b4983fd082d61ffea60.wav,dusha/crowd/crowd_train/wavs/109fe2f585734f706295e30046f051d5.wav,dusha/crowd/crowd_train/wavs/190f7700e4ba4f430b81a415f5ab46a7.wav,0,0,3
dusha/crowd/crowd_train/wavs/683e435b61a2673de2a0991d7cb27dc4.wav,dusha/crowd/crowd_train/wavs/11a53ea7c50551b2687e44d841214597.wav,dusha/crowd/crowd_train/wavs/9d997d054242420024c19696eac97f65.wav,1,1,0
dusha/crowd/crowd_train/wavs/683e435b61a2673de2a0991d7cb27dc4.wav,dusha/crowd/crowd_train/wavs/9078caf4754071bcc41ba417dfaddae4.wav,dusha/crowd/crowd_train/wavs/664ff471a93087fd51ec5dfb0da04615.wav,1,1,2
dusha/crowd/crowd_train/wavs/683e435b61a2673de2a0991d7cb27dc4.wav,dusha/crowd/crowd_train/wavs/16ace698b5685f8a381cae5ded2331cd.wav,dusha/crowd/crowd_train/wavs/2c7f53c5bdcc0aaf6107281db536123d.wav,1,1,3
dusha/crowd/crowd_train/wavs/dfa3a99bc74b4e167fe4e45dfa70c3a4.wav,dusha/crowd/crowd_train/wavs/3b09f2085117182903d87e2b47dfe6c8.wav,dusha/crowd/crowd_train/wavs/063d02db77e65153f6606531a35920a6.wav,0,0,1
dusha/crowd/crowd_train/wavs/dfa3a99bc74b4e167fe4e45dfa70c3a4.wav,dusha/crowd/crowd_train/wavs/3201be49467002e7004c1a9719eb59fa.wav,dusha/crowd/crowd_train/wavs/a9658c56d23962770ca2d8f4047b774b.wav,0,0,2
dusha/crowd/crowd_train/wavs/dfa3a99bc74b4e167fe4e45dfa70c3a4.wav,dusha/crowd/crowd_train/wavs/9277899f397f059f71ccf1b0a05cee45.wav,dusha/crowd/crowd_train/wavs/b01a07b66c4f4b09ce1cf03ac57f915f.wav,0,0,3
dusha/crowd/crowd_train/wavs/31c8566303417d9348e8fc61221bc5ee.wav,dusha/crowd/crowd_train/wavs/348939f2aff0fdb01a94e94d16eae9ac.wav,dusha/crowd/crowd_train/wavs/f41751820afa6f6d396d6f1a7f3b347a.wav,0,0,1
dusha/crowd/crowd_train/wavs/31c8566303417d9348e8fc61221bc5ee.wav,dusha/crowd/crowd_train/wavs/262cabd4372c32df50968fb63fb9c1ef.wav,dusha/crowd/crowd_train/wavs/5db9b80c8a75b82696d88d48fd83ccef.wav,0,0,2
dusha/crowd/crowd_train/wavs/31c8566303417d9348e8fc61221bc5ee.wav,dusha/crowd/crowd_train/wavs/c641419604a4a899d7748f969c602353.wav,dusha/crowd/crowd_train/wavs/a04577300d594eef320baee07d98743e.wav,0,0,3
dusha/crowd/crowd_train/wavs/c292dafd18cd215b69d8921a57cb9c1e.wav,dusha/crowd/crowd_train/wavs/e60d20a9f36cdd160e479cf1d79039a9.wav,dusha/crowd/crowd_train/wavs/da6aa4b4f4d87ae07752d674b2228585.wav,0,0,1
dusha/crowd/crowd_train/wavs/c292dafd18cd215b69d8921a57cb9c1e.wav,dusha/crowd/crowd_train/wavs/b49a256b8426fe57b7d2074197beaef0.wav,dusha/crowd/crowd_train/wavs/874d1992152cc3f18b80fb47d47ee471.wav,0,0,2
dusha/crowd/crowd_train/wavs/c292dafd18cd215b69d8921a57cb9c1e.wav,dusha/crowd/crowd_train/wavs/ed8032eb03b71ad11622dffdb9e36acb.wav,dusha/crowd/crowd_train/wavs/4461704ee70d4700d714715e3ca518ea.wav,0,0,3
dusha/crowd/crowd_train/wavs/cac1a7818a97f3fbbbe081e6796ae544.wav,dusha/crowd/crowd_train/wavs/72cba337920a34db3cf6332c6ce3f3a8.wav,dusha/crowd/crowd_train/wavs/c5eb6bd4b2f4b0b71899306bcb8d37f1.wav,0,0,1
dusha/crowd/crowd_train/wavs/cac1a7818a97f3fbbbe081e6796ae544.wav,dusha/crowd/crowd_train/wavs/27fa90320fbd2a11e01dadb0cdd2c856.wav,dusha/crowd/crowd_train/wavs/bb25cd04db1ce2b6f808caf77d52ca2e.wav,0,0,2
dusha/crowd/crowd_train/wavs/cac1a7818a97f3fbbbe081e6796ae544.wav,dusha/crowd/crowd_train/wavs/acbed94cb574bb62ed5b8f4261f0262f.wav,dusha/crowd/crowd_train/wavs/f13c1c3d982979aa5f7bf3bc2e7d3334.wav,0,0,3
dusha/crowd/crowd_train/wavs/ef11e88ab098ac74be8e819a94427e94.wav,dusha/crowd/crowd_train/wavs/1eb55b5c0ae397cb9947e3f5beec94e2.wav,dusha/crowd/crowd_train/wavs/acbed94cb574bb62ed5b8f4261f0262f.wav,1,1,0
dusha/crowd/crowd_train/wavs/ef11e88ab098ac74be8e819a94427e94.wav,dusha/crowd/crowd_train/wavs/3157aa615de94f15f23d4c2b654bbf60.wav,dusha/crowd/crowd_train/wavs/5f5e325891c56b5704e2609c94cdfeb5.wav,1,1,2
dusha/crowd/crowd_train/wavs/ef11e88ab098ac74be8e819a94427e94.wav,dusha/crowd/crowd_train/wavs/c867bffe53bb4dfe2d19d46f682f3907.wav,dusha/crowd/crowd_train/wavs/32839139ad9e7d6dd25eb008b71514b9.wav,1,1,3
dusha/crowd/crowd_train/wavs/63655cc95931bd3bdb94893e0975c825.wav,dusha/crowd/crowd_train/wavs/0dadf999ce9f878bd88ce4c82974d2f5.wav,dusha/crowd/crowd_train/wavs/c8b89b37f15f08ae9ddd441d343ea0a4.wav,1,1,0
dusha/crowd/crowd_train/wavs/63655cc95931bd3bdb94893e0975c825.wav,dusha/crowd/crowd_train/wavs/0bf732de533635d733f626ca25ee84a4.wav,dusha/crowd/crowd_train/wavs/b47b46111d93fd52058c2e8043fb883f.wav,1,1,2
dusha/crowd/crowd_train/wavs/63655cc95931bd3bdb94893e0975c825.wav,dusha/crowd/crowd_train/wavs/b99a534572ad12adb231ee09b80825cb.wav,dusha/crowd/crowd_train/wavs/56299d5629257ef8bab4ed05cc0b180c.wav,1,1,3
dusha/crowd/crowd_train/wavs/afd1b48610bcf016ee6defcb8b18f997.wav,dusha/crowd/crowd_train/wavs/43e591ee19a61907b4db444e4d28d010.wav,dusha/crowd/crowd_train/wavs/9b6be119b74f9ce4e5ed78af295d5cbc.wav,2,2,0
dusha/crowd/crowd_train/wavs/afd1b48610bcf016ee6defcb8b18f997.wav,dusha/crowd/crowd_train/wavs/3f7fccbbc8f869f5c39b3977206c40cf.wav,dusha/crowd/crowd_train/wavs/24ea9f81db0bc4932424c23e3e413b5e.wav,2,2,1
dusha/crowd/crowd_train/wavs/afd1b48610bcf016ee6defcb8b18f997.wav,dusha/crowd/crowd_train/wavs/71dea6533f9ed16cae27cdaf2dcfbf6b.wav,dusha/crowd/crowd_train/wavs/2be3cc56a5d9a33115ecf9cc5cb30c6e.wav,2,2,3
dusha/crowd/crowd_train/wavs/25fbc941d0f1168580cb3d5c5c4f9e59.wav,dusha/crowd/crowd_train/wavs/35792f0ac222379b789df7dfa3d83035.wav,dusha/crowd/crowd_train/wavs/9fa72b6504d93ce9c54a9fac5c6cc12c.wav,0,0,1
dusha/crowd/crowd_train/wavs/25fbc941d0f1168580cb3d5c5c4f9e59.wav,dusha/crowd/crowd_train/wavs/1800574fc1dbd0cecb1ca4c4ba5ddeac.wav,dusha/crowd/crowd_train/wavs/e2a43175232b2733884cb50a5befb99b.wav,0,0,2
dusha/crowd/crowd_train/wavs/25fbc941d0f1168580cb3d5c5c4f9e59.wav,dusha/crowd/crowd_train/wavs/39e90a370b101bac79408b65625f869e.wav,dusha/crowd/crowd_train/wavs/a8ab7c50edec846800f3a1deb1402481.wav,0,0,3
dusha/crowd/crowd_train/wavs/0e1b661ad225a52bae322abb3357303b.wav,dusha/crowd/crowd_train/wavs/66eda0fa374a9ca6137cca3793ea653d.wav,dusha/crowd/crowd_train/wavs/c9765dfa80fc18fa59af861fba88b0a9.wav,0,0,1
dusha/crowd/crowd_train/wavs/0e1b661ad225a52bae322abb3357303b.wav,dusha/crowd/crowd_train/wavs/710bb43c7b39baf6618e7ccbba1b8139.wav,dusha/crowd/crowd_train/wavs/d511f589ef1d1dc20753d8d7f6b72d00.wav,0,0,2
dusha/crowd/crowd_train/wavs/0e1b661ad225a52bae322abb3357303b.wav,dusha/crowd/crowd_train/wavs/b4896dcda78bc8f9316bbb23ace737de.wav,dusha/crowd/crowd_train/wavs/2c7f53c5bdcc0aaf6107281db536123d.wav,0,0,3
dusha/crowd/crowd_train/wavs/8e56462c45925ca32b94b2808b97ca5b.wav,dusha/crowd/crowd_train/wavs/7e2c8e213afa062399898afc5cc44227.wav,dusha/crowd/crowd_train/wavs/2fa5dac7f4b9632685735359601389b9.wav,0,0,1
dusha/crowd/crowd_train/wavs/8e56462c45925ca32b94b2808b97ca5b.wav,dusha/crowd/crowd_train/wavs/36712f9463f6ba4bd6998986a2b7a4bc.wav,dusha/crowd/crowd_train/wavs/2da455f834ee4da3df51d1cdd1f40481.wav,0,0,2
dusha/crowd/crowd_train/wavs/8e56462c45925ca32b94b2808b97ca5b.wav,dusha/crowd/crowd_train/wavs/fd304ccb0101ddb3acbc499715b408e7.wav,dusha/crowd/crowd_train/wavs/562159d1359f0a952ef4072d90d45d02.wav,0,0,3
dusha/crowd/crowd_train/wavs/fa6f99625c927cb981f4de01a4c6478a.wav,dusha/crowd/crowd_train/wavs/4ce656958e25e199f6447f5a25f1663a.wav,dusha/crowd/crowd_train/wavs/7bb24e67c7d9d8fd9d791da41c0b43b6.wav,0,0,1
dusha/crowd/crowd_train/wavs/fa6f99625c927cb981f4de01a4c6478a.wav,dusha/crowd/crowd_train/wavs/0e279c56e2d993e46d4ae96fb54c90d5.wav,dusha/crowd/crowd_train/wavs/ecbf5cc279d684977a1b16a3d54cf96d.wav,0,0,2
dusha/crowd/crowd_train/wavs/fa6f99625c927cb981f4de01a4c6478a.wav,dusha/crowd/crowd_train/wavs/54d200c4e422c2683f68eb76286094f8.wav,dusha/crowd/crowd_train/wavs/76e12815057f322201cee4775fff0d14.wav,0,0,3
dusha/crowd/crowd_train/wavs/cfffbe5281c6804fc567f91548382090.wav,dusha/crowd/crowd_train/wavs/8a5b143ad9e60a5f24361761174617e5.wav,dusha/crowd/crowd_train/wavs/ec6b0510c5aa7198823a474f7c5706dd.wav,0,0,1
dusha/crowd/crowd_train/wavs/cfffbe5281c6804fc567f91548382090.wav,dusha/crowd/crowd_train/wavs/5aef2e4b2de0efcb66aeff817642792d.wav,dusha/crowd/crowd_train/wavs/844f6cf1b810a6836abbf1dd6bc38f32.wav,0,0,2
dusha/crowd/crowd_train/wavs/cfffbe5281c6804fc567f91548382090.wav,dusha/crowd/crowd_train/wavs/c88cbef69d02992b2572d9754defbe74.wav,dusha/crowd/crowd_train/wavs/ae19471b7e29f3defd04ceb44c89b0ea.wav,0,0,3
dusha/crowd/crowd_train/wavs/b599081038597447be9967d9fe3228e4.wav,dusha/crowd/crowd_train/wavs/8316c01522e4709d771fd24507b8f841.wav,dusha/crowd/crowd_train/wavs/9a22acd2710c8ba1a50ba6c11d67fc51.wav,1,1,0
dusha/crowd/crowd_train/wavs/b599081038597447be9967d9fe3228e4.wav,dusha/crowd/crowd_train/wavs/7217241d0e2bdb99fd04e603fc1f3f2d.wav,dusha/crowd/crowd_train/wavs/e8cbebcda50a11c33f88b9516cf371ba.wav,1,1,2
dusha/crowd/crowd_train/wavs/b599081038597447be9967d9fe3228e4.wav,dusha/crowd/crowd_train/wavs/989ed7f5a3b2b8def6a36f86b26ed6de.wav,dusha/crowd/crowd_train/wavs/11a2f9f0a25228ee10bb44c75f14ea41.wav,1,1,3
dusha/crowd/crowd_train/wavs/8ad4838d5610f7bbe597cb9ba0e9da38.wav,dusha/crowd/crowd_train/wavs/3556be159875bc876ad9814911fac361.wav,dusha/crowd/crowd_train/wavs/9dcbd3fe2ac23092e285cbc5caea4f47.wav,1,1,0
dusha/crowd/crowd_train/wavs/8ad4838d5610f7bbe597cb9ba0e9da38.wav,dusha/crowd/crowd_train/wavs/bdaed0ee4bac17a551597d07fe930730.wav,dusha/crowd/crowd_train/wavs/3359c58d66a6052680db3d45f31fb06e.wav,1,1,2
dusha/crowd/crowd_train/wavs/8ad4838d5610f7bbe597cb9ba0e9da38.wav,dusha/crowd/crowd_train/wavs/4994111b9b6141a8f4ca7312cfc67ed5.wav,dusha/crowd/crowd_train/wavs/3b4c2c396657c3c6f5158b31503a8aee.wav,1,1,3
dusha/crowd/crowd_train/wavs/63f1500f9eb462ae8b7a93fb8166006a.wav,dusha/crowd/crowd_train/wavs/b68e604d461ca42712ca13578aaf6fb9.wav,dusha/crowd/crowd_train/wavs/af4ccd3b9f7ace4118bda219c2e73b8e.wav,3,3,0
dusha/crowd/crowd_train/wavs/63f1500f9eb462ae8b7a93fb8166006a.wav,dusha/crowd/crowd_train/wavs/3fe182cacf862db510843dd53f011c36.wav,dusha/crowd/crowd_train/wavs/c1f9b9bb3bb349a7d7e274a67752f899.wav,3,3,1
dusha/crowd/crowd_train/wavs/63f1500f9eb462ae8b7a93fb8166006a.wav,dusha/crowd/crowd_train/wavs/f7560cf534ebee27c7479545ad15d41d.wav,dusha/crowd/crowd_train/wavs/46853aec87ddc405d1737417d4215261.wav,3,3,2
dusha/crowd/crowd_train/wavs/88ac2297c9470aab1f9ece2cb0c12d57.wav,dusha/crowd/crowd_train/wavs/99ef94afd8a30645b31b4fe32ef8b4a3.wav,dusha/crowd/crowd_train/wavs/a09a10ddc52c8f658b41a1820fe94e31.wav,2,2,0
dusha/crowd/crowd_train/wavs/88ac2297c9470aab1f9ece2cb0c12d57.wav,dusha/crowd/crowd_train/wavs/3145e0025693b3d6e1b911287d6c0cdb.wav,dusha/crowd/crowd_train/wavs/7c97b0630dfa5d6e6d7305643936fc30.wav,2,2,1
dusha/crowd/crowd_train/wavs/88ac2297c9470aab1f9ece2cb0c12d57.wav,dusha/crowd/crowd_train/wavs/3257c707d0497b24a59eecc19be2757f.wav,dusha/crowd/crowd_train/wavs/085ad9ede4f2029d8733669d32fbdd4a.wav,2,2,3
dusha/crowd/crowd_train/wavs/ae2b4b3b24905b4baa8181f97b51a370.wav,dusha/crowd/crowd_train/wavs/a009e5137b7f40404cfb2b11ecf4b9e0.wav,dusha/crowd/crowd_train/wavs/a62333ffdec7a0d6691d8505edea5d00.wav,3,3,0
dusha/crowd/crowd_train/wavs/ae2b4b3b24905b4baa8181f97b51a370.wav,dusha/crowd/crowd_train/wavs/6ed50d60fba449372ad142fceb4acff2.wav,dusha/crowd/crowd_train/wavs/4e897fdef7106127c17785a16e23fa05.wav,3,3,1
dusha/crowd/crowd_train/wavs/ae2b4b3b24905b4baa8181f97b51a370.wav,dusha/crowd/crowd_train/wavs/f643a52984472a7169daeeda1c363022.wav,dusha/crowd/crowd_train/wavs/a68438cc5b1079c2b5ed8cb9aeea4e8c.wav,3,3,2
dusha/crowd/crowd_train/wavs/a54fc9b8d651173397558736eb852f08.wav,dusha/crowd/crowd_train/wavs/40afeb572b09b726ea35eddb88f3e12b.wav,dusha/crowd/crowd_train/wavs/6b89ba579a469c284d7a4575816493c3.wav,2,2,0
dusha/crowd/crowd_train/wavs/a54fc9b8d651173397558736eb852f08.wav,dusha/crowd/crowd_train/wavs/17cd1bfa58182786ae861f80c391a8cd.wav,dusha/crowd/crowd_train/wavs/b83fec4ef49d0d006e94374497867362.wav,2,2,1
dusha/crowd/crowd_train/wavs/a54fc9b8d651173397558736eb852f08.wav,dusha/crowd/crowd_train/wavs/56e3a11df6e02b6d90537eb6dde33ec3.wav,dusha/crowd/crowd_train/wavs/4232932c68445651ea55dcbaf115f4ac.wav,2,2,3
dusha/crowd/crowd_train/wavs/e9fde795ffd1428d1e4976c2d088de7b.wav,dusha/crowd/crowd_train/wavs/6bc33b62553024a6f853d8b07f3baad6.wav,dusha/crowd/crowd_train/wavs/9e076ba8ffd0cc780e70ce6d9381473d.wav,1,1,0
dusha/crowd/crowd_train/wavs/e9fde795ffd1428d1e4976c2d088de7b.wav,dusha/crowd/crowd_train/wavs/a4fefdba3582ff09415d5449e7ef81c7.wav,dusha/crowd/crowd_train/wavs/06d123379b7fa967456ce32bdacc95d9.wav,1,1,2
dusha/crowd/crowd_train/wavs/e9fde795ffd1428d1e4976c2d088de7b.wav,dusha/crowd/crowd_train/wavs/2b5d8a314bd9113527a3ce5d32086bbd.wav,dusha/crowd/crowd_train/wavs/184355a323f130d6f67c83fea4c00742.wav,1,1,3
dusha/crowd/crowd_train/wavs/43dca0bcc9baf02c4ff424f091b9598f.wav,dusha/crowd/crowd_train/wavs/90e4bb9f94c5b67dfeadfa4cd8ad8b69.wav,dusha/crowd/crowd_train/wavs/64a51ef3a4477ab40672c4008ef826f7.wav,1,1,0
dusha/crowd/crowd_train/wavs/43dca0bcc9baf02c4ff424f091b9598f.wav,dusha/crowd/crowd_train/wavs/8e7b67c02f3e2ad8bae60b36f18ceb82.wav,dusha/crowd/crowd_train/wavs/b443cd49cf1aa8099d7052e09448be7c.wav,1,1,2
dusha/crowd/crowd_train/wavs/43dca0bcc9baf02c4ff424f091b9598f.wav,dusha/crowd/crowd_train/wavs/96c1e43c65939b4efcda79f380d265b9.wav,dusha/crowd/crowd_train/wavs/72d4ebfcf900ab0274c9c88867dda623.wav,1,1,3
dusha/crowd/crowd_train/wavs/1c50cfa412e189f7f72515f81b8e109c.wav,dusha/crowd/crowd_train/wavs/167b0a304b99be676735336130ac832c.wav,dusha/crowd/crowd_train/wavs/0ef531878a07b1413dfb88a0ec7a2b5f.wav,1,1,0
dusha/crowd/crowd_train/wavs/1c50cfa412e189f7f72515f81b8e109c.wav,dusha/crowd/crowd_train/wavs/155590a180df72ba8a7c36b519828b56.wav,dusha/crowd/crowd_train/wavs/826d7ef36b2b220f513ef8a976b9ac52.wav,1,1,2
dusha/crowd/crowd_train/wavs/1c50cfa412e189f7f72515f81b8e109c.wav,dusha/crowd/crowd_train/wavs/75f4e9895e31bddca1746b5c4a87249b.wav,dusha/crowd/crowd_train/wavs/ba6fe1995e6a2e4f55f65741a842badd.wav,1,1,3
dusha/crowd/crowd_train/wavs/8f7bd135e56cfd451ba4858596aedfbb.wav,dusha/crowd/crowd_train/wavs/90681fd9778c2f717ad8aa5712cffadb.wav,dusha/crowd/crowd_train/wavs/4582eb40945eab7f47bf87c7f8c90eba.wav,2,2,0
dusha/crowd/crowd_train/wavs/8f7bd135e56cfd451ba4858596aedfbb.wav,dusha/crowd/crowd_train/wavs/f7dfa4b481ac77f1c3371bbd549349ac.wav,dusha/crowd/crowd_train/wavs/c380afc6dec8fb984f9e34185343f98e.wav,2,2,1
dusha/crowd/crowd_train/wavs/8f7bd135e56cfd451ba4858596aedfbb.wav,dusha/crowd/crowd_train/wavs/8cb3b668a809966c6453c2bd5e558081.wav,dusha/crowd/crowd_train/wavs/c03d33a0260e73a492f3b854d21a688a.wav,2,2,3
dusha/crowd/crowd_train/wavs/8d804d05551d3f0aaf4cb8666ee8065f.wav,dusha/crowd/crowd_train/wavs/b30659e4592410833d066a673195ba69.wav,dusha/crowd/crowd_train/wavs/b2f4b87eedb9a69d871c9cc936c85f2c.wav,1,1,0
dusha/crowd/crowd_train/wavs/8d804d05551d3f0aaf4cb8666ee8065f.wav,dusha/crowd/crowd_train/wavs/ccbe216613edfd8e86eeb3032dade13f.wav,dusha/crowd/crowd_train/wavs/eb4a76678409c19ffc76f4ee41d29477.wav,1,1,2
dusha/crowd/crowd_train/wavs/8d804d05551d3f0aaf4cb8666ee8065f.wav,dusha/crowd/crowd_train/wavs/94395e736cc5e386fb409cecc4702784.wav,dusha/crowd/crowd_train/wavs/4d35b5aa3e1a5a39e72206067fa52be3.wav,1,1,3
dusha/crowd/crowd_train/wavs/128b8012160ff1ba17ecb9b1e1fffc91.wav,dusha/crowd/crowd_train/wavs/f12fe0cb9458c74fcd308d1ff9dd010d.wav,dusha/crowd/crowd_train/wavs/17b12c2f789f521477a89708a22c875f.wav,2,2,0
dusha/crowd/crowd_train/wavs/128b8012160ff1ba17ecb9b1e1fffc91.wav,dusha/crowd/crowd_train/wavs/52a87479368c6c9cc2eb5339e56a7932.wav,dusha/crowd/crowd_train/wavs/81ff5216e9e61647692cfa2ee16c1b7e.wav,2,2,1
dusha/crowd/crowd_train/wavs/128b8012160ff1ba17ecb9b1e1fffc91.wav,dusha/crowd/crowd_train/wavs/30f2730e9fb25399a13cfc60328a14e3.wav,dusha/crowd/crowd_train/wavs/057ff979b3827cb85a4d7ffa695d803f.wav,2,2,3
dusha/crowd/crowd_train/wavs/80133162c15bce39a652f6f8dd18cfca.wav,dusha/crowd/crowd_train/wavs/5770c30d53ce422269c05325a18aa3df.wav,dusha/crowd/crowd_train/wavs/37d6605c9af7ac0419cfdd5cb7fefaf3.wav,2,2,0
dusha/crowd/crowd_train/wavs/80133162c15bce39a652f6f8dd18cfca.wav,dusha/crowd/crowd_train/wavs/e4343882908a5822c6dc8843cb68d56f.wav,dusha/crowd/crowd_train/wavs/ba8befc0b28b9b2ea319436092f19e41.wav,2,2,1
dusha/crowd/crowd_train/wavs/80133162c15bce39a652f6f8dd18cfca.wav,dusha/crowd/crowd_train/wavs/04e7f329218fa73cd16bd562ed592d9f.wav,dusha/crowd/crowd_train/wavs/2f3eb69eaa0bc989d8b0fa96f03550d4.wav,2,2,3
dusha/crowd/crowd_train/wavs/d128b0317a6cad67b3b33181cc461c14.wav,dusha/crowd/crowd_train/wavs/410a3af6c3f9c40afe82b1204a29b758.wav,dusha/crowd/crowd_train/wavs/9107053f3bfd00dd31d644bd0c976b6f.wav,2,2,0
dusha/crowd/crowd_train/wavs/d128b0317a6cad67b3b33181cc461c14.wav,dusha/crowd/crowd_train/wavs/3b9b7c7c23a2be3cb59e715e28af2827.wav,dusha/crowd/crowd_train/wavs/add06d4c9dd0c70f634cd8e1e193c064.wav,2,2,1
dusha/crowd/crowd_train/wavs/d128b0317a6cad67b3b33181cc461c14.wav,dusha/crowd/crowd_train/wavs/bb960aa8042b3fe6a1144d6bd3d50ba3.wav,dusha/crowd/crowd_train/wavs/b29daf1540920c3073157f33e6988583.wav,2,2,3
dusha/crowd/crowd_train/wavs/e1f2705020f599ca14a24f38ec8bb6cf.wav,dusha/crowd/crowd_train/wavs/3fc394d670a2c983daf9cca28af98656.wav,dusha/crowd/crowd_train/wavs/cbe4d9410e9f9b7f8f90643b81bd763c.wav,2,2,0
dusha/crowd/crowd_train/wavs/e1f2705020f599ca14a24f38ec8bb6cf.wav,dusha/crowd/crowd_train/wavs/698e3945419b27e6e272e0b7e10d5d10.wav,dusha/crowd/crowd_train/wavs/fbf3b258d659e65d9b21f34045cb965e.wav,2,2,1
dusha/crowd/crowd_train/wavs/e1f2705020f599ca14a24f38ec8bb6cf.wav,dusha/crowd/crowd_train/wavs/58147e4cfced2321efbbd081b97a9551.wav,dusha/crowd/crowd_train/wavs/d034a4efff3ba4df07e444127cdbc5c5.wav,2,2,3
dusha/crowd/crowd_train/wavs/2163999dd8b67e2ad39558fac153f45c.wav,dusha/crowd/crowd_train/wavs/d0a6e5255d4db693cc3f3a04015ecf33.wav,dusha/crowd/crowd_train/wavs/0bc131e9328716f093c425afa7227afe.wav,2,2,0
dusha/crowd/crowd_train/wavs/2163999dd8b67e2ad39558fac153f45c.wav,dusha/crowd/crowd_train/wavs/6acb2af3979231628abb2259ea44830d.wav,dusha/crowd/crowd_train/wavs/3887882e21ecb1af316032ad362a32b8.wav,2,2,1
dusha/crowd/crowd_train/wavs/2163999dd8b67e2ad39558fac153f45c.wav,dusha/crowd/crowd_train/wavs/45c39c73bed4f2137969c3ff480fa667.wav,dusha/crowd/crowd_train/wavs/bdaad8e2a91a6dcaa99908fc2fd1db61.wav,2,2,3
dusha/crowd/crowd_train/wavs/81fcc5558458b7a872b08eec26c551e5.wav,dusha/crowd/crowd_train/wavs/935befd2742473d17b7082395ccb1995.wav,dusha/crowd/crowd_train/wavs/06a1043c7e6335cab10fa9a1f3b9a086.wav,3,3,0
dusha/crowd/crowd_train/wavs/81fcc5558458b7a872b08eec26c551e5.wav,dusha/crowd/crowd_train/wavs/07ec361a9c94ca134b03294a92b052d9.wav,dusha/crowd/crowd_train/wavs/6adf79cdeb78a5c77d988171660d4b00.wav,3,3,1
dusha/crowd/crowd_train/wavs/81fcc5558458b7a872b08eec26c551e5.wav,dusha/crowd/crowd_train/wavs/4a3f558c14a061fb13b270902da83021.wav,dusha/crowd/crowd_train/wavs/6dba442b3beeab1b95ac6c66fc32f46e.wav,3,3,2
dusha/crowd/crowd_train/wavs/6a4fbb50e42d59de0d4fbdae66cd9ca8.wav,dusha/crowd/crowd_train/wavs/deaa00871b1f52ac2caa8222185147a4.wav,dusha/crowd/crowd_train/wavs/3847973d593702c8d96d71e4e133094a.wav,1,1,0
dusha/crowd/crowd_train/wavs/6a4fbb50e42d59de0d4fbdae66cd9ca8.wav,dusha/crowd/crowd_train/wavs/9528d23e369a9792cb7916904229d181.wav,dusha/crowd/crowd_train/wavs/128b8012160ff1ba17ecb9b1e1fffc91.wav,1,1,2
dusha/crowd/crowd_train/wavs/6a4fbb50e42d59de0d4fbdae66cd9ca8.wav,dusha/crowd/crowd_train/wavs/e36eda310aa45c242b857d69d10d4516.wav,dusha/crowd/crowd_train/wavs/a8defae33e542664ea78d905e6455f8e.wav,1,1,3
dusha/crowd/crowd_train/wavs/1ad2d894b321e4e71f5e979868e04257.wav,dusha/crowd/crowd_train/wavs/3b4c2c396657c3c6f5158b31503a8aee.wav,dusha/crowd/crowd_train/wavs/798086f4550cfdc9712dc353b254b77f.wav,3,3,0
dusha/crowd/crowd_train/wavs/1ad2d894b321e4e71f5e979868e04257.wav,dusha/crowd/crowd_train/wavs/c773d8a9335b089e8c5436bbe635030b.wav,dusha/crowd/crowd_train/wavs/a4c5b1a4028c3e610bf5d2d735bc50aa.wav,3,3,1
dusha/crowd/crowd_train/wavs/1ad2d894b321e4e71f5e979868e04257.wav,dusha/crowd/crowd_train/wavs/d9cfd2411038d608d6a3a97c0d3fcc41.wav,dusha/crowd/crowd_train/wavs/eb18c1095f51a368d9a982d0f8dee223.wav,3,3,2
dusha/crowd/crowd_train/wavs/ce88a8b70b5bdeb456137cceb745da41.wav,dusha/crowd/crowd_train/wavs/ad7ce22c84d6e1fabd71e61253f4b424.wav,dusha/crowd/crowd_train/wavs/4821b4ee4b6713a9a7ec217ded2a1404.wav,1,1,0
dusha/crowd/crowd_train/wavs/ce88a8b70b5bdeb456137cceb745da41.wav,dusha/crowd/crowd_train/wavs/11cbd4ebb26444007270cbbd62d618fb.wav,dusha/crowd/crowd_train/wavs/ab06e44c7e400bd57f04d199986c0162.wav,1,1,2
dusha/crowd/crowd_train/wavs/ce88a8b70b5bdeb456137cceb745da41.wav,dusha/crowd/crowd_train/wavs/516ba876c11b37707985fd5530b448fd.wav,dusha/crowd/crowd_train/wavs/c0ac9200889cd7c4d40e82565f786c28.wav,1,1,3
dusha/crowd/crowd_train/wavs/948ddc26fd28d161d0be136065d16cdb.wav,dusha/crowd/crowd_train/wavs/a222efcff1d316b81d843f59a7991e8e.wav,dusha/crowd/crowd_train/wavs/738c8c066e282de42d474f54e472d58f.wav,3,3,0
dusha/crowd/crowd_train/wavs/948ddc26fd28d161d0be136065d16cdb.wav,dusha/crowd/crowd_train/wavs/ed942b2d1e8fe191841f9733f7c1b306.wav,dusha/crowd/crowd_train/wavs/2ebf2cbb825673faee505d6d02512505.wav,3,3,1
dusha/crowd/crowd_train/wavs/948ddc26fd28d161d0be136065d16cdb.wav,dusha/crowd/crowd_train/wavs/cdc4c670c1177ae51f2ccff5ff4121d8.wav,dusha/crowd/crowd_train/wavs/c146fcd0b7d89054098396c674fb21c0.wav,3,3,2
dusha/crowd/crowd_train/wavs/7ed0df29824026054938aad73fa6dc65.wav,dusha/crowd/crowd_train/wavs/90e4bb9f94c5b67dfeadfa4cd8ad8b69.wav,dusha/crowd/crowd_train/wavs/dade2413f8f1127f17e32b3ba75927f2.wav,1,1,0
dusha/crowd/crowd_train/wavs/7ed0df29824026054938aad73fa6dc65.wav,dusha/crowd/crowd_train/wavs/5d9cf7c3365b632253fbea492acfcca3.wav,dusha/crowd/crowd_train/wavs/4d163436d2f8a8bb358e0ac64e2bf76d.wav,1,1,2
dusha/crowd/crowd_train/wavs/7ed0df29824026054938aad73fa6dc65.wav,dusha/crowd/crowd_train/wavs/ec9728c29bb727cd34df2f8c39fa7c3f.wav,dusha/crowd/crowd_train/wavs/4b530a6464583d2c7ef2c63741857107.wav,1,1,3
dusha/crowd/crowd_train/wavs/a0a0a53216f7afe1c148fc978e3515f9.wav,dusha/crowd/crowd_train/wavs/77d9e35c92418180c3a1e2a5c88972ae.wav,dusha/crowd/crowd_train/wavs/9893559514d61c6fb8b16713d66a2a1b.wav,1,1,0
dusha/crowd/crowd_train/wavs/a0a0a53216f7afe1c148fc978e3515f9.wav,dusha/crowd/crowd_train/wavs/7e1c610e21eded7413df7be0ab9ee1f0.wav,dusha/crowd/crowd_train/wavs/c437b1a10bf066a1762533cbc4a167ab.wav,1,1,2
dusha/crowd/crowd_train/wavs/a0a0a53216f7afe1c148fc978e3515f9.wav,dusha/crowd/crowd_train/wavs/cf85eefd15ae8ea890174498fc4abf16.wav,dusha/crowd/crowd_train/wavs/233331f68cf2d7d7bb37540ad7d4c170.wav,1,1,3
dusha/crowd/crowd_train/wavs/a38155507e3dfeab1c4026aa5883ce26.wav,dusha/crowd/crowd_train/wavs/26b7611d809c7d5d86aec77ddee5d5dd.wav,dusha/crowd/crowd_train/wavs/5ce33343dedcef0a5f132efc8eb27bf4.wav,1,1,0
dusha/crowd/crowd_train/wavs/a38155507e3dfeab1c4026aa5883ce26.wav,dusha/crowd/crowd_train/wavs/596fd2c986ed77e337734d7ab5f25388.wav,dusha/crowd/crowd_train/wavs/1cd43ac9b98e243fb205946cb0601c7f.wav,1,1,2
dusha/crowd/crowd_train/wavs/a38155507e3dfeab1c4026aa5883ce26.wav,dusha/crowd/crowd_train/wavs/b870c63590e48b6f213909c8da79b234.wav,dusha/crowd/crowd_train/wavs/09090ef760ad5c8c8652a1ced8e90aff.wav,1,1,3
dusha/crowd/crowd_train/wavs/db3e5b7a5a095bf080ddab7131d1f65c.wav,dusha/crowd/crowd_train/wavs/135ac1da937ea5937f241822b5d105cc.wav,dusha/crowd/crowd_train/wavs/d31f6c543acc20090b6d858e81de718a.wav,2,2,0
dusha/crowd/crowd_train/wavs/db3e5b7a5a095bf080ddab7131d1f65c.wav,dusha/crowd/crowd_train/wavs/470ad4deed116f41c628147f8653ffc3.wav,dusha/crowd/crowd_train/wavs/a387e2d4491505fa1d9a95e39264b5a0.wav,2,2,1
dusha/crowd/crowd_train/wavs/db3e5b7a5a095bf080ddab7131d1f65c.wav,dusha/crowd/crowd_train/wavs/caf441f922fc5435dbb17ae88742c232.wav,dusha/crowd/crowd_train/wavs/1e03fdcdf8cbceea838a31d329a36422.wav,2,2,3
dusha/crowd/crowd_train/wavs/06f2723f9af8d83544c8a19b1d9195c3.wav,dusha/crowd/crowd_train/wavs/462e32dc394f8a30d06fdf4c5e79ddc4.wav,dusha/crowd/crowd_train/wavs/a6b3cf2007665930bcf913079eada03b.wav,3,3,0
dusha/crowd/crowd_train/wavs/06f2723f9af8d83544c8a19b1d9195c3.wav,dusha/crowd/crowd_train/wavs/22c9549bf6c91e21f7f32e0c135a3b33.wav,dusha/crowd/crowd_train/wavs/e310fb0f23004ea06c808b68d060891e.wav,3,3,1
dusha/crowd/crowd_train/wavs/06f2723f9af8d83544c8a19b1d9195c3.wav,dusha/crowd/crowd_train/wavs/6093f1da603705b037f8de852196ed32.wav,dusha/crowd/crowd_train/wavs/ecaf3d016e43ab5f6c8e3d05a5a5b3d9.wav,3,3,2
dusha/crowd/crowd_train/wavs/3cd2b52de2f6dccaf220036184883565.wav,dusha/crowd/crowd_train/wavs/6e6a6bcb7a9a3c0f1c40ab9a29d0fa53.wav,dusha/crowd/crowd_train/wavs/72b0fb823d14296c996dd66eb34237a2.wav,2,2,0
dusha/crowd/crowd_train/wavs/3cd2b52de2f6dccaf220036184883565.wav,dusha/crowd/crowd_train/wavs/05b403107fbc9d510625b6b15799d370.wav,dusha/crowd/crowd_train/wavs/e6c9a8e64ffdc84a07e3aec38c091a3e.wav,2,2,1
dusha/crowd/crowd_train/wavs/3cd2b52de2f6dccaf220036184883565.wav,dusha/crowd/crowd_train/wavs/345de291e2a2d125bd4996afcb615710.wav,dusha/crowd/crowd_train/wavs/622bf5d8fb7d1b4683dc7f0f5f70e032.wav,2,2,3
dusha/crowd/crowd_train/wavs/9215ccc5cead612d5490b5478b135804.wav,dusha/crowd/crowd_train/wavs/2b30169477f902002f776dc2f0ccd16f.wav,dusha/crowd/crowd_train/wavs/9fb6ec239b30f864144db7fb2c7d0ae0.wav,2,2,0
dusha/crowd/crowd_train/wavs/9215ccc5cead612d5490b5478b135804.wav,dusha/crowd/crowd_train/wavs/179db6c2d66343fcb223094a51881dfb.wav,dusha/crowd/crowd_train/wavs/6d5015a1d899388a9a50956f5ee1f32f.wav,2,2,1
dusha/crowd/crowd_train/wavs/9215ccc5cead612d5490b5478b135804.wav,dusha/crowd/crowd_train/wavs/bd1a87c7ea2f3e79e6f32b1953d53c79.wav,dusha/crowd/crowd_train/wavs/4c5a8be4f4872f2d012c157adc3f4fe7.wav,2,2,3
dusha/crowd/crowd_train/wavs/1598a3e7ead112b894c362e19c1e1b93.wav,dusha/crowd/crowd_train/wavs/804fb3e6f93d67065a1eb799545c548b.wav,dusha/crowd/crowd_train/wavs/cbc57511d50f1e4254083ad475d49088.wav,2,2,0
dusha/crowd/crowd_train/wavs/1598a3e7ead112b894c362e19c1e1b93.wav,dusha/crowd/crowd_train/wavs/84f67b8454bf0308e7c9d3cac30a69eb.wav,dusha/crowd/crowd_train/wavs/de2bf0ee3c443baf5470c0d7ac54cf22.wav,2,2,1
dusha/crowd/crowd_train/wavs/1598a3e7ead112b894c362e19c1e1b93.wav,dusha/crowd/crowd_train/wavs/60838540bd19d2bd3b6d6d225bc68af2.wav,dusha/crowd/crowd_train/wavs/78263379732e18b8c1c4741cf011c8a0.wav,2,2,3
dusha/crowd/crowd_train/wavs/bf666ea45f971afdd966a64572b48c38.wav,dusha/crowd/crowd_train/wavs/78af4015f36a33b9523a219c258735f1.wav,dusha/crowd/crowd_train/wavs/b184b955fb3e22286811c10531d01ddc.wav,2,2,0
dusha/crowd/crowd_train/wavs/bf666ea45f971afdd966a64572b48c38.wav,dusha/crowd/crowd_train/wavs/d6fdd16e3e9834a6010fa001952d9fd0.wav,dusha/crowd/crowd_train/wavs/b886889900acc684651f6c708a721061.wav,2,2,1
dusha/crowd/crowd_train/wavs/bf666ea45f971afdd966a64572b48c38.wav,dusha/crowd/crowd_train/wavs/f1ee24eeb9e63804dbcce7fd2f295c78.wav,dusha/crowd/crowd_train/wavs/f30c22812ee051a3024890ad074fa284.wav,2,2,3
dusha/crowd/crowd_train/wavs/a9658c56d23962770ca2d8f4047b774b.wav,dusha/crowd/crowd_train/wavs/ae2b993dac12bf5d7a93057643f3a930.wav,dusha/crowd/crowd_train/wavs/f644d9adb445f9679a43e432a66d1d2c.wav,2,2,0
dusha/crowd/crowd_train/wavs/a9658c56d23962770ca2d8f4047b774b.wav,dusha/crowd/crowd_train/wavs/f1951cc04fa978926598b632a48f2bd9.wav,dusha/crowd/crowd_train/wavs/c54eeb732c9abccf1e213fb0c72b7b6c.wav,2,2,1
dusha/crowd/crowd_train/wavs/a9658c56d23962770ca2d8f4047b774b.wav,dusha/crowd/crowd_train/wavs/fa492a8649be53e749cd47c4771b8723.wav,dusha/crowd/crowd_train/wavs/4f99938b5809709829359b4655614c07.wav,2,2,3
dusha/crowd/crowd_train/wavs/0adc0df76c1499ebe4a33dcde0270614.wav,dusha/crowd/crowd_train/wavs/6d592cc46279f27b5cd8c2ae2266f489.wav,dusha/crowd/crowd_train/wavs/7863187578b720c3673b746b453997a6.wav,2,2,0
dusha/crowd/crowd_train/wavs/0adc0df76c1499ebe4a33dcde0270614.wav,dusha/crowd/crowd_train/wavs/f6e4294653bc7ddcda7a1b2ddef686b5.wav,dusha/crowd/crowd_train/wavs/f59e873a32b1111e93414cb6f173ee65.wav,2,2,1
dusha/crowd/crowd_train/wavs/0adc0df76c1499ebe4a33dcde0270614.wav,dusha/crowd/crowd_train/wavs/463e2ea9f9c24176c8817e7f9432cd19.wav,dusha/crowd/crowd_train/wavs/9dbcdf7614f1411c44dad6d09f494e96.wav,2,2,3
dusha/crowd/crowd_train/wavs/4dae07e902babcbc5c8c8fdd01e1016e.wav,dusha/crowd/crowd_train/wavs/80ef18f415398442eeb3c80b0b95c9c6.wav,dusha/crowd/crowd_train/wavs/f20c8ce351ea3b4983fd082d61ffea60.wav,2,2,0
dusha/crowd/crowd_train/wavs/4dae07e902babcbc5c8c8fdd01e1016e.wav,dusha/crowd/crowd_train/wavs/2b0d3001efc9d4c29a61eeaa6e92b5b3.wav,dusha/crowd/crowd_train/wavs/57c1b573df0445ab5a469dd6ce6bbd17.wav,2,2,1
dusha/crowd/crowd_train/wavs/4dae07e902babcbc5c8c8fdd01e1016e.wav,dusha/crowd/crowd_train/wavs/6ff084016cbf09f6ce1bb5180eef440d.wav,dusha/crowd/crowd_train/wavs/fe265d05e4df3347495d383b9cad7ae5.wav,2,2,3
dusha/crowd/crowd_train/wavs/3aacefbd32e5c06232d66195900bd538.wav,dusha/crowd/crowd_train/wavs/a37076e2371435af94453c678c63ddd3.wav,dusha/crowd/crowd_train/wavs/1d161aa97df40f59c1645406c17bda33.wav,2,2,0
dusha/crowd/crowd_train/wavs/3aacefbd32e5c06232d66195900bd538.wav,dusha/crowd/crowd_train/wavs/e475d2db6f3ed5cf9835ddcff948c2af.wav,dusha/crowd/crowd_train/wavs/0b32b4a077a50c9600f2918bd561b546.wav,2,2,1
dusha/crowd/crowd_train/wavs/3aacefbd32e5c06232d66195900bd538.wav,dusha/crowd/crowd_train/wavs/30c034608e1488c39562d7f6bd904f05.wav,dusha/crowd/crowd_train/wavs/d14ffcc6e572e5f5ea8c31f433207075.wav,2,2,3
dusha/crowd/crowd_train/wavs/4754d49372cf5dc63d0647c6657146e3.wav,dusha/crowd/crowd_train/wavs/441718f09b5324390bf333f1ea5acfdf.wav,dusha/crowd/crowd_train/wavs/f35fe21a6d54fe8693d89c451754788d.wav,2,2,0
dusha/crowd/crowd_train/wavs/4754d49372cf5dc63d0647c6657146e3.wav,dusha/crowd/crowd_train/wavs/c741394648d7f4eec42e3b663bc02d09.wav,dusha/crowd/crowd_train/wavs/f70ec68f498f3352ff8d37e3a2f094b3.wav,2,2,1
dusha/crowd/crowd_train/wavs/4754d49372cf5dc63d0647c6657146e3.wav,dusha/crowd/crowd_train/wavs/e7d780c31ea4e65b0a3bd977e9bbe2fb.wav,dusha/crowd/crowd_train/wavs/53ef5a27132a5bfdb4c0f36a5f83fed9.wav,2,2,3
dusha/crowd/crowd_train/wavs/83ec4ed87cac0c25f4dcee7ba070f637.wav,dusha/crowd/crowd_train/wavs/23c1e69a6c1c21ccb1476f1aa2cf7263.wav,dusha/crowd/crowd_train/wavs/51b26b9d6aa057ee229b83f1dc88f57b.wav,3,3,0
dusha/crowd/crowd_train/wavs/83ec4ed87cac0c25f4dcee7ba070f637.wav,dusha/crowd/crowd_train/wavs/c936d4c740cfe30382de19178a97c0bd.wav,dusha/crowd/crowd_train/wavs/12ff3513a67229e4f2fe9ad0aa314f1e.wav,3,3,1
dusha/crowd/crowd_train/wavs/83ec4ed87cac0c25f4dcee7ba070f637.wav,dusha/crowd/crowd_train/wavs/aae58354e98ec33b0508084b99be1e9f.wav,dusha/crowd/crowd_train/wavs/60838540bd19d2bd3b6d6d225bc68af2.wav,3,3,2
dusha/crowd/crowd_train/wavs/e08aa69474161e669fb4fc2f522808f5.wav,dusha/crowd/crowd_train/wavs/81f2388711807cd982e91ad48c84356e.wav,dusha/crowd/crowd_train/wavs/890f25773abf34ae7a80e99619ef1025.wav,2,2,0
dusha/crowd/crowd_train/wavs/e08aa69474161e669fb4fc2f522808f5.wav,dusha/crowd/crowd_train/wavs/002807fc796978ebcf743f23ef1a916e.wav,dusha/crowd/crowd_train/wavs/39577b211f3f498317a64bf9763434b2.wav,2,2,1
dusha/crowd/crowd_train/wavs/e08aa69474161e669fb4fc2f522808f5.wav,dusha/crowd/crowd_train/wavs/b7fb686b5b1c3c53ec16afe7cc81b2df.wav,dusha/crowd/crowd_train/wavs/bb20f5a52bd49a9db02d5043b36ee5e0.wav,2,2,3
dusha/crowd/crowd_train/wavs/9dcd84f0cfe954793f50cc952e7ebd37.wav,dusha/crowd/crowd_train/wavs/87e2a41ad289b6e6ee61922787fe1a68.wav,dusha/crowd/crowd_train/wavs/687522d0134af5ebd10a78f05377642d.wav,2,2,0
dusha/crowd/crowd_train/wavs/9dcd84f0cfe954793f50cc952e7ebd37.wav,dusha/crowd/crowd_train/wavs/c17ebd1ca057d85c7ffd232be6bb6929.wav,dusha/crowd/crowd_train/wavs/bddecc70b7c3ce81ed00f9a905077e31.wav,2,2,1
dusha/crowd/crowd_train/wavs/9dcd84f0cfe954793f50cc952e7ebd37.wav,dusha/crowd/crowd_train/wavs/dd14fc4e06086c8a738710f95ad19309.wav,dusha/crowd/crowd_train/wavs/c1590524cbd0079df3da8698bb988a6e.wav,2,2,3
dusha/crowd/crowd_train/wavs/698e3945419b27e6e272e0b7e10d5d10.wav,dusha/crowd/crowd_train/wavs/78af4015f36a33b9523a219c258735f1.wav,dusha/crowd/crowd_train/wavs/d1ba8fa8144c3435f0eeec3587c408b4.wav,2,2,0
dusha/crowd/crowd_train/wavs/698e3945419b27e6e272e0b7e10d5d10.wav,dusha/crowd/crowd_train/wavs/112bbc703fa04c18f3e9d2f29f1c70d9.wav,dusha/crowd/crowd_train/wavs/f05f0c7d0dd1f1d012d3bd6ded598fb9.wav,2,2,1
dusha/crowd/crowd_train/wavs/698e3945419b27e6e272e0b7e10d5d10.wav,dusha/crowd/crowd_train/wavs/8face248356dda6f95d8b9638d69e8ab.wav,dusha/crowd/crowd_train/wavs/f9ad7198944a0fa634ef3c73bc16cf4d.wav,2,2,3
dusha/crowd/crowd_train/wavs/f7afb8e5a90393bd9e5e4465c0cbb6c0.wav,dusha/crowd/crowd_train/wavs/664d9d46936c97eec4152c7ac75fb3a1.wav,dusha/crowd/crowd_train/wavs/1c30c3b00275643f8d6948e1b57580ba.wav,3,3,0
dusha/crowd/crowd_train/wavs/f7afb8e5a90393bd9e5e4465c0cbb6c0.wav,dusha/crowd/crowd_train/wavs/ae2b4b3b24905b4baa8181f97b51a370.wav,dusha/crowd/crowd_train/wavs/a8451240a8e25aeb5710940eb327392c.wav,3,3,1
dusha/crowd/crowd_train/wavs/f7afb8e5a90393bd9e5e4465c0cbb6c0.wav,dusha/crowd/crowd_train/wavs/14f88412139afe749e9c49d9106279e9.wav,dusha/crowd/crowd_train/wavs/e06d0ffd342beff4ef5451330596796a.wav,3,3,2
dusha/crowd/crowd_train/wavs/2ac260260f6af01561e670a4c0c41831.wav,dusha/crowd/crowd_train/wavs/9f48c2d4a07bc6c73f170e580a33eb70.wav,dusha/crowd/crowd_train/wavs/e020d7c2adf5e2c42886d48f6cef5897.wav,2,2,0
dusha/crowd/crowd_train/wavs/2ac260260f6af01561e670a4c0c41831.wav,dusha/crowd/crowd_train/wavs/a4e82b195bcf61ddc9cba93ac4624eef.wav,dusha/crowd/crowd_train/wavs/86c33763bcf2c215a162e80998be9e7a.wav,2,2,1
dusha/crowd/crowd_train/wavs/2ac260260f6af01561e670a4c0c41831.wav,dusha/crowd/crowd_train/wavs/d3cd9ec0be9ccd0c5237a19d336eaf4c.wav,dusha/crowd/crowd_train/wavs/26154233d72a451a9c7ecd548f1de848.wav,2,2,3
dusha/crowd/crowd_train/wavs/2bec9f0e2bbaa295b640b7e60202405f.wav,dusha/crowd/crowd_train/wavs/6e94891d16717f5a7ee61787b5911e17.wav,dusha/crowd/crowd_train/wavs/801cb220d22a145022251e4c5beedfd6.wav,2,2,0
dusha/crowd/crowd_train/wavs/2bec9f0e2bbaa295b640b7e60202405f.wav,dusha/crowd/crowd_train/wavs/d8d5a1fe3773baaa010aabb7ec76dc5a.wav,dusha/crowd/crowd_train/wavs/8ae941b65f1336128b8d66c3d4d1716b.wav,2,2,1
dusha/crowd/crowd_train/wavs/2bec9f0e2bbaa295b640b7e60202405f.wav,dusha/crowd/crowd_train/wavs/64c73ba0bc207bbd25b93fba3fde0de7.wav,dusha/crowd/crowd_train/wavs/bbdf75807ab8d491117abd520d0130d9.wav,2,2,3
dusha/crowd/crowd_train/wavs/735015272a7e2f5416e0146b2beb6d55.wav,dusha/crowd/crowd_train/wavs/44adfc3ee08ac33954dce7295b14ed6f.wav,dusha/crowd/crowd_train/wavs/ba3cde6dbfec9099e14dc7a4471d6bfd.wav,2,2,0
dusha/crowd/crowd_train/wavs/735015272a7e2f5416e0146b2beb6d55.wav,dusha/crowd/crowd_train/wavs/a8cbfab49210d3f9573ffb488c8836a3.wav,dusha/crowd/crowd_train/wavs/841eb25940cb376765cdb294bf38ffe6.wav,2,2,1
dusha/crowd/crowd_train/wavs/735015272a7e2f5416e0146b2beb6d55.wav,dusha/crowd/crowd_train/wavs/1796c37942574cbfecef6d82fb9ec4ac.wav,dusha/crowd/crowd_train/wavs/235a3600dcceca5776e13fe829581807.wav,2,2,3
dusha/crowd/crowd_train/wavs/ee92ff465b50bfa342d16466bf462aa3.wav,dusha/crowd/crowd_train/wavs/45324fe0a655af4dc2fd7e6affb1f84c.wav,dusha/crowd/crowd_train/wavs/347ab8bb725179ad0453e18404c08b86.wav,3,3,0
dusha/crowd/crowd_train/wavs/ee92ff465b50bfa342d16466bf462aa3.wav,dusha/crowd/crowd_train/wavs/c8df22566bd1261bc47c0385c725c1b4.wav,dusha/crowd/crowd_train/wavs/08a157ab1e0060390eaba72e1cce24b0.wav,3,3,1
dusha/crowd/crowd_train/wavs/ee92ff465b50bfa342d16466bf462aa3.wav,dusha/crowd/crowd_train/wavs/32f6bec2e9bda70f3e8b60b33a550386.wav,dusha/crowd/crowd_train/wavs/cabc317729fa6d0a2db5faa95825565a.wav,3,3,2
dusha/crowd/crowd_train/wavs/50aa19c99d47f3301e1dc85d3cde66c1.wav,dusha/crowd/crowd_train/wavs/1c8c4fdbb1a8dabf9a9592b0748b0325.wav,dusha/crowd/crowd_train/wavs/14a9c8d99c32586c5bf9876ec30009a9.wav,3,3,0
dusha/crowd/crowd_train/wavs/50aa19c99d47f3301e1dc85d3cde66c1.wav,dusha/crowd/crowd_train/wavs/76e12815057f322201cee4775fff0d14.wav,dusha/crowd/crowd_train/wavs/21d1a67f5c3118f55886d3d049b33a0e.wav,3,3,1
dusha/crowd/crowd_train/wavs/50aa19c99d47f3301e1dc85d3cde66c1.wav,dusha/crowd/crowd_train/wavs/8fcded4e552ca86b36e8882efe416748.wav,dusha/crowd/crowd_train/wavs/cbfca5d9f8e78cc2bd4b4ac88d865eec.wav,3,3,2
dusha/crowd/crowd_train/wavs/2318da1cd7a0b5902b7919fb20a6c6d2.wav,dusha/crowd/crowd_train/wavs/87db4433509b2c6c9fa865d7318bc4c8.wav,dusha/crowd/crowd_train/wavs/5958e36c24db2b45233033d2374ed82a.wav,3,3,0
dusha/crowd/crowd_train/wavs/2318da1cd7a0b5902b7919fb20a6c6d2.wav,dusha/crowd/crowd_train/wavs/ee92ff465b50bfa342d16466bf462aa3.wav,dusha/crowd/crowd_train/wavs/6591e5795101d0e86e6f18c29336cf05.wav,3,3,1
dusha/crowd/crowd_train/wavs/2318da1cd7a0b5902b7919fb20a6c6d2.wav,dusha/crowd/crowd_train/wavs/0317bb644d633bf56c01a3e331056c48.wav,dusha/crowd/crowd_train/wavs/b45a253fb5f6464beb4700848fbecb77.wav,3,3,2
dusha/crowd/crowd_train/wavs/ea219f8deea69735b3f84aa8b7baa086.wav,dusha/crowd/crowd_train/wavs/6b6602d3d8d7b474ce9593edefb90c15.wav,dusha/crowd/crowd_train/wavs/809f79d05876eac66ddffb32839c71e7.wav,3,3,0
dusha/crowd/crowd_train/wavs/ea219f8deea69735b3f84aa8b7baa086.wav,dusha/crowd/crowd_train/wavs/d0fa79c484db3a889b2417f47da15f9e.wav,dusha/crowd/crowd_train/wavs/43f6ba0588286e8d50ff38695f35ff9b.wav,3,3,1
dusha/crowd/crowd_train/wavs/ea219f8deea69735b3f84aa8b7baa086.wav,dusha/crowd/crowd_train/wavs/b0edb2b84839a2d494a36f36c2843886.wav,dusha/crowd/crowd_train/wavs/73ce801febde87bdd1012a030ce67fc1.wav,3,3,2
dusha/crowd/crowd_train/wavs/c3cb5e49a0c143fbc870380ea5f539b2.wav,dusha/crowd/crowd_train/wavs/3c32bcdfddb99439f9d4609a1ffad2fa.wav,dusha/crowd/crowd_train/wavs/f64e12e8acecbf7569e0f29931e2360c.wav,3,3,0
dusha/crowd/crowd_train/wavs/c3cb5e49a0c143fbc870380ea5f539b2.wav,dusha/crowd/crowd_train/wavs/74ff2344a83d84014ccefefce4e7cdf8.wav,dusha/crowd/crowd_train/wavs/8ff857748fa01ec9ba9cb548089aecd7.wav,3,3,1
dusha/crowd/crowd_train/wavs/c3cb5e49a0c143fbc870380ea5f539b2.wav,dusha/crowd/crowd_train/wavs/5ef2bdd6db9d6957c32d01ffbe074259.wav,dusha/crowd/crowd_train/wavs/3a64c74bc118839c6649df7efec9c4c7.wav,3,3,2
dusha/crowd/crowd_train/wavs/b01926463276ef8f79cec9ca168153f3.wav,dusha/crowd/crowd_train/wavs/4d03a0b4f4a16be1d145c0d88fdcc281.wav,dusha/crowd/crowd_train/wavs/c143843cdbb0a2356f76507a380fab42.wav,3,3,0
dusha/crowd/crowd_train/wavs/b01926463276ef8f79cec9ca168153f3.wav,dusha/crowd/crowd_train/wavs/b2b6df61f7fa2b894ea050e0a2375549.wav,dusha/crowd/crowd_train/wavs/2b08954ad917ea8e3c6c46d9b9e9b565.wav,3,3,1
dusha/crowd/crowd_train/wavs/b01926463276ef8f79cec9ca168153f3.wav,dusha/crowd/crowd_train/wavs/1369f82afa97316a870d777e4a9e00f6.wav,dusha/crowd/crowd_train/wavs/92df4b6cde305185ecad706e4673ec00.wav,3,3,2
dusha/crowd/crowd_train/wavs/3335813400a4b63fd354a2bccfe4e472.wav,dusha/crowd/crowd_train/wavs/f4597de32b0d51dcfd311d502faa37cd.wav,dusha/crowd/crowd_train/wavs/ba3cde6dbfec9099e14dc7a4471d6bfd.wav,3,3,0
dusha/crowd/crowd_train/wavs/3335813400a4b63fd354a2bccfe4e472.wav,dusha/crowd/crowd_train/wavs/643ba3c88de2ab8470d89c4fa41cb916.wav,dusha/crowd/crowd_train/wavs/cbf13d4b2e2b01d3aea15b78376694b5.wav,3,3,1
dusha/crowd/crowd_train/wavs/3335813400a4b63fd354a2bccfe4e472.wav,dusha/crowd/crowd_train/wavs/2ba05a9ba26cbaab9fbc61b78b605657.wav,dusha/crowd/crowd_train/wavs/2a80aeb10175cd33774a3ac1e0662e21.wav,3,3,2
dusha/crowd/crowd_train/wavs/09e90d9e1e32ee31a4e5648a57a6123f.wav,dusha/crowd/crowd_train/wavs/cca78cf9ad431ec3a274199308b4cb4e.wav,dusha/crowd/crowd_train/wavs/d23ef189a1448fc6370f690ab5aa0ad7.wav,3,3,0
dusha/crowd/crowd_train/wavs/09e90d9e1e32ee31a4e5648a57a6123f.wav,dusha/crowd/crowd_train/wavs/87eba52d85758bb6668bdfab4a09ac51.wav,dusha/crowd/crowd_train/wavs/d9d6796b0a019d7ddd559f3e02ae0cc8.wav,3,3,1
dusha/crowd/crowd_train/wavs/09e90d9e1e32ee31a4e5648a57a6123f.wav,dusha/crowd/crowd_train/wavs/228e277a16d61087e1c0c8c419c887a3.wav,dusha/crowd/crowd_train/wavs/f6e4294653bc7ddcda7a1b2ddef686b5.wav,3,3,2
dusha/crowd/crowd_train/wavs/fc96706520cc92ff62adcecaaf8b199f.wav,dusha/crowd/crowd_train/wavs/8f5585a7b75218f3cd5007f59ddfa050.wav,dusha/crowd/crowd_train/wavs/d3cf6ec93d9fe852417f9540a8810f92.wav,3,3,0
dusha/crowd/crowd_train/wavs/fc96706520cc92ff62adcecaaf8b199f.wav,dusha/crowd/crowd_train/wavs/73b30559b19101efe16e3b39d4f335f0.wav,dusha/crowd/crowd_train/wavs/08c91f2013613310eac0933a7cbb43ab.wav,3,3,1
dusha/crowd/crowd_train/wavs/fc96706520cc92ff62adcecaaf8b199f.wav,dusha/crowd/crowd_train/wavs/a31bd364fa2be11510cbb4b7e64232c9.wav,dusha/crowd/crowd_train/wavs/2da455f834ee4da3df51d1cdd1f40481.wav,3,3,2
dusha/crowd/crowd_train/wavs/7de85db82968afd0991e09fbf6f73d6e.wav,dusha/crowd/crowd_train/wavs/2fc2ea7c77f3d3f8a905802b6d4db906.wav,dusha/crowd/crowd_train/wavs/4dbdc8cd807e133a46e7f2743bec98dc.wav,3,3,0
dusha/crowd/crowd_train/wavs/7de85db82968afd0991e09fbf6f73d6e.wav,dusha/crowd/crowd_train/wavs/d252a1d5626c0f74c0b38ed1bd43d6d5.wav,dusha/crowd/crowd_train/wavs/516ba876c11b37707985fd5530b448fd.wav,3,3,1
dusha/crowd/crowd_train/wavs/7de85db82968afd0991e09fbf6f73d6e.wav,dusha/crowd/crowd_train/wavs/183802bfe89c90ce149b135fd2ed828a.wav,dusha/crowd/crowd_train/wavs/02b953fecc3e25f35f8c564008131f55.wav,3,3,2
dusha/crowd/crowd_train/wavs/68e8280261f8bb02087f0322e248304d.wav,dusha/crowd/crowd_train/wavs/a179252b0537f20f3c5fe62efeb2f3cc.wav,dusha/crowd/crowd_train/wavs/f24ac7a9c44d032196f55619c5769f2f.wav,3,3,0
dusha/crowd/crowd_train/wavs/68e8280261f8bb02087f0322e248304d.wav,dusha/crowd/crowd_train/wavs/da60afd753a1691a108a563b1bfdd378.wav,dusha/crowd/crowd_train/wavs/bf93897cb2a98ee36b5392ecc30bf537.wav,3,3,1
dusha/crowd/crowd_train/wavs/68e8280261f8bb02087f0322e248304d.wav,dusha/crowd/crowd_train/wavs/fc1880a4d30d55422b1613b168dffe87.wav,dusha/crowd/crowd_train/wavs/a5cc3f1aab59ffd970fb80fe820430e4.wav,3,3,2
dusha/crowd/crowd_train/wavs/233331f68cf2d7d7bb37540ad7d4c170.wav,dusha/crowd/crowd_train/wavs/55f51f7a549de37a050445ad4d8f24b4.wav,dusha/crowd/crowd_train/wavs/a4ab0da8a28d13be30b322688326ecab.wav,3,3,0
dusha/crowd/crowd_train/wavs/233331f68cf2d7d7bb37540ad7d4c170.wav,dusha/crowd/crowd_train/wavs/ffc9b3592517c08c0e4eb58be126c63d.wav,dusha/crowd/crowd_train/wavs/8120b96ccd1ca834d220308ce84ae179.wav,3,3,1
dusha/crowd/crowd_train/wavs/233331f68cf2d7d7bb37540ad7d4c170.wav,dusha/crowd/crowd_train/wavs/0356d7e70715551693d2a9b70d7b397e.wav,dusha/crowd/crowd_train/wavs/e7955fa44dab593020894d6b7f903de4.wav,3,3,2
dusha/crowd/crowd_train/wavs/fb1e2efeed4913ce2302affbf611f0fd.wav,dusha/crowd/crowd_train/wavs/65260b0059cac7d0befca41fc459186f.wav,dusha/crowd/crowd_train/wavs/9b14581601979b8aad494609e023afc8.wav,3,3,0
dusha/crowd/crowd_train/wavs/fb1e2efeed4913ce2302affbf611f0fd.wav,dusha/crowd/crowd_train/wavs/217e47ddf237378b7ea07a9ac09970e1.wav,dusha/crowd/crowd_train/wavs/ac56ad1431af62404d0a5dc7330a774f.wav,3,3,1
dusha/crowd/crowd_train/wavs/fb1e2efeed4913ce2302affbf611f0fd.wav,dusha/crowd/crowd_train/wavs/e193b039b08b88722c79a0a37f6f048c.wav,dusha/crowd/crowd_train/wavs/d832381573bfb6ade64bd0de7c7e760b.wav,3,3,2
dusha/crowd/crowd_train/wavs/c768b7e6b22e7d1262545fde1f4884b4.wav,dusha/crowd/crowd_train/wavs/6acd3e87ab8881032bf12eee52f88229.wav,dusha/crowd/crowd_train/wavs/1dbadd846e03a16d82bbe4226d33b23d.wav,3,3,0
dusha/crowd/crowd_train/wavs/c768b7e6b22e7d1262545fde1f4884b4.wav,dusha/crowd/crowd_train/wavs/9e05e970cd5f0bd77ce317c4a9bb1204.wav,dusha/crowd/crowd_train/wavs/c250766a8e95cbd72d8c2d74a0137bee.wav,3,3,1
dusha/crowd/crowd_train/wavs/c768b7e6b22e7d1262545fde1f4884b4.wav,dusha/crowd/crowd_train/wavs/73347dd8d6f2c2993c82ec17f85e28b7.wav,dusha/crowd/crowd_train/wavs/d15bfe36b3fad3d2ca5289b8da1894ea.wav,3,3,2
dusha/crowd/crowd_train/wavs/46fa7e155eaa9046ac985d4abdccbe94.wav,dusha/crowd/crowd_train/wavs/c0e284847c7c4239a768d23a35c24b3a.wav,dusha/crowd/crowd_train/wavs/1c30c3b00275643f8d6948e1b57580ba.wav,3,3,0
dusha/crowd/crowd_train/wavs/46fa7e155eaa9046ac985d4abdccbe94.wav,dusha/crowd/crowd_train/wavs/541d1710757e193a8752a7d32f1c5e9d.wav,dusha/crowd/crowd_train/wavs/7d986ba03d04ef82b8e91f71720a74cf.wav,3,3,1
dusha/crowd/crowd_train/wavs/46fa7e155eaa9046ac985d4abdccbe94.wav,dusha/crowd/crowd_train/wavs/b0da0b4c1a0176b36aee033bcc3b0353.wav,dusha/crowd/crowd_train/wavs/4610e9d7da4714f160181ab7839baaa6.wav,3,3,2
dusha/crowd/crowd_train/wavs/82bb1b317c3eda5548805b4df3773c7e.wav,dusha/crowd/crowd_train/wavs/284db1c6b619e6d5fcbc2c45d9ac1366.wav,dusha/crowd/crowd_train/wavs/83487a8c2d6c6d2057f3d61439f14a02.wav,3,3,0
dusha/crowd/crowd_train/wavs/82bb1b317c3eda5548805b4df3773c7e.wav,dusha/crowd/crowd_train/wavs/7bd0160d2f9db1a9a8d9c3d9899ec4c2.wav,dusha/crowd/crowd_train/wavs/1c7fa1a7003cce033448ac8933a4b69d.wav,3,3,1
dusha/crowd/crowd_train/wavs/82bb1b317c3eda5548805b4df3773c7e.wav,dusha/crowd/crowd_train/wavs/6322233a6fd2b8413ee50e1925e57762.wav,dusha/crowd/crowd_train/wavs/61eaa4a71806c4d4f61aaad3597cdedb.wav,3,3,2
dusha/crowd/crowd_train/wavs/163cc36662b0f500384a607bb1448bbe.wav,dusha/crowd/crowd_train/wavs/1686cfcac7cd0b298dfb43f0bbc41f5e.wav,dusha/crowd/crowd_train/wavs/29c0a2ff310802815c6aa6723f97b527.wav,3,3,0
dusha/crowd/crowd_train/wavs/163cc36662b0f500384a607bb1448bbe.wav,dusha/crowd/crowd_train/wavs/95b3a0977336b3e0f3d22e62960accfd.wav,dusha/crowd/crowd_train/wavs/8d1be468c17e9f591a930aef91c1a57b.wav,3,3,1
dusha/crowd/crowd_train/wavs/163cc36662b0f500384a607bb1448bbe.wav,dusha/crowd/crowd_train/wavs/e193b039b08b88722c79a0a37f6f048c.wav,dusha/crowd/crowd_train/wavs/d0f88eb4690b7ace8b22dc054eecafd8.wav,3,3,2
dusha/crowd/crowd_train/wavs/542cba8504f52b38135f3b5fd62750ec.wav,dusha/crowd/crowd_train/wavs/c78855ebf097d4031a0d71f409b1a167.wav,dusha/crowd/crowd_train/wavs/5579fc6d49a098c920b0523d85e613b2.wav,3,3,0
dusha/crowd/crowd_train/wavs/542cba8504f52b38135f3b5fd62750ec.wav,dusha/crowd/crowd_train/wavs/378d73bdbcff2c152b8338d753a96cb4.wav,dusha/crowd/crowd_train/wavs/29bb16ed3d4ffcd6943a239af1e0eb7d.wav,3,3,1
dusha/crowd/crowd_train/wavs/542cba8504f52b38135f3b5fd62750ec.wav,dusha/crowd/crowd_train/wavs/8d8dd5f084a26e42c170640aa722c48b.wav,dusha/crowd/crowd_train/wavs/6981925225f2c6a749f80a2aa6c1fbc2.wav,3,3,2
dusha/crowd/crowd_train/wavs/1133372f057cc2bbc13c0b6918acb945.wav,dusha/crowd/crowd_train/wavs/6e923ebfc9f0ad0e276a49dcd44e6cf1.wav,dusha/crowd/crowd_train/wavs/bc2f71c0f5a580024cd4b33d1be92886.wav,3,3,0
dusha/crowd/crowd_train/wavs/1133372f057cc2bbc13c0b6918acb945.wav,dusha/crowd/crowd_train/wavs/7812feef4de8c2877845fe4d2eb9312b.wav,dusha/crowd/crowd_train/wavs/ad739c4c614ff0edeff52145cbdb3592.wav,3,3,1
dusha/crowd/crowd_train/wavs/1133372f057cc2bbc13c0b6918acb945.wav,dusha/crowd/crowd_train/wavs/92ce7f58640c1d07a64a90d51149531b.wav,dusha/crowd/crowd_train/wavs/5cacb3d00b1f06eb26b1c680076196fe.wav,3,3,2
dusha/crowd/crowd_train/wavs/862eaa44c03824816a8fc02121204aff.wav,dusha/crowd/crowd_train/wavs/1a4c900514cc41411addcea83150cb0a.wav,dusha/crowd/crowd_train/wavs/2f78c9d26aad2cf118ba7d6187a6f8ca.wav,3,3,0
dusha/crowd/crowd_train/wavs/862eaa44c03824816a8fc02121204aff.wav,dusha/crowd/crowd_train/wavs/378d73bdbcff2c152b8338d753a96cb4.wav,dusha/crowd/crowd_train/wavs/8ae941b65f1336128b8d66c3d4d1716b.wav,3,3,1
dusha/crowd/crowd_train/wavs/862eaa44c03824816a8fc02121204aff.wav,dusha/crowd/crowd_train/wavs/1878439eb7ed7115b41801d5210eb460.wav,dusha/crowd/crowd_train/wavs/b10a63c5f3eb97f29cc5ca4bbf140abf.wav,3,3,2
dusha/crowd/crowd_train/wavs/f1f137ee59d38aa3a186be31bab0d424.wav,dusha/crowd/crowd_train/wavs/2382886328a060f28510315445ba457d.wav,dusha/crowd/crowd_train/wavs/c3eb4f0351d934bfb2069116c7080669.wav,3,3,0
dusha/crowd/crowd_train/wavs/f1f137ee59d38aa3a186be31bab0d424.wav,dusha/crowd/crowd_train/wavs/23c1e69a6c1c21ccb1476f1aa2cf7263.wav,dusha/crowd/crowd_train/wavs/d86ed39def3c397923442c8cc4a081b7.wav,3,3,1
dusha/crowd/crowd_train/wavs/f1f137ee59d38aa3a186be31bab0d424.wav,dusha/crowd/crowd_train/wavs/d78b7511af926b3c97be854a9253de6a.wav,dusha/crowd/crowd_train/wavs/e475d2db6f3ed5cf9835ddcff948c2af.wav,3,3,2
dusha/crowd/crowd_train/wavs/8d2b739816f261c1d341325dabafc817.wav,dusha/crowd/crowd_train/wavs/b8ced719266f29de203de6aa7add60c8.wav,dusha/crowd/crowd_train/wavs/203b5597a8736cb0aca986dacd24f6d5.wav,3,3,0
dusha/crowd/crowd_train/wavs/8d2b739816f261c1d341325dabafc817.wav,dusha/crowd/crowd_train/wavs/b54a4b8cb789183b629c6e79baf3b54e.wav,dusha/crowd/crowd_train/wavs/07673da7b1ec39e090ce5f369cf2fe33.wav,3,3,1
dusha/crowd/crowd_train/wavs/8d2b739816f261c1d341325dabafc817.wav,dusha/crowd/crowd_train/wavs/fa96ff550a2933edb41ad1ceba01c735.wav,dusha/crowd/crowd_train/wavs/45c39c73bed4f2137969c3ff480fa667.wav,3,3,2
dusha/crowd/crowd_train/wavs/f1cdd6413081262ea588a1cc3eb4dec1.wav,dusha/crowd/crowd_train/wavs/817fe1538e5f02a9de8b3040d14ad8b4.wav,dusha/crowd/crowd_train/wavs/91b9e9cc2183cd031ad14644b7f6d398.wav,3,3,0
dusha/crowd/crowd_train/wavs/f1cdd6413081262ea588a1cc3eb4dec1.wav,dusha/crowd/crowd_train/wavs/f7c69f66cd1142846df518f2af172e9f.wav,dusha/crowd/crowd_train/wavs/3e892ef71f0754e564d96a762e2287a3.wav,3,3,1
dusha/crowd/crowd_train/wavs/f1cdd6413081262ea588a1cc3eb4dec1.wav,dusha/crowd/crowd_train/wavs/be10eca829fd96d882a7e0d403761f39.wav,dusha/crowd/crowd_train/wavs/0f4e9bb68bad2dd2dd51ad8935d0feaf.wav,3,3,2
